ManagerID,FirstName,LastName,Email,PhoneNumber
1,Ciara,Guzman,c-guzman8395@icloud.net,(257) 377-6056
2,Rowan,Boyer,boyerrowan8628@outlook.ca,(757) 816-8438
3,Cheyenne,Cash,c.cheyenne@google.ca,(933) 646-2217
4,Angelica,Collins,angelica_collins@google.edu,(285) 607-9402
5,Hasad,Bell,h_bell@icloud.ca,(762) 801-6275
6,Travis,Barrett,b_travis@yahoo.edu,(475) 454-7142
7,Elizabeth,Buchanan,elizabeth_buchanan@yahoo.net,(610) 772-4468
8,Yvette,Murray,m-yvette@hotmail.net,(369) 894-6405
9,Maris,Fitzgerald,fmaris3522@outlook.net,(375) 956-1168
10,Xander,Sanchez,sanchez_xander@aol.edu,(862) 469-6313
11,Ulla,Buckner,u-buckner2612@icloud.ca,(689) 242-2490
12,Lunea,Massey,m_lunea1607@icloud.ca,(452) 691-1818
13,Suki,Norton,norton_suki@google.org,(930) 267-7163
14,Asher,Booth,a.booth@aol.org,(236) 829-3247
15,Wilma,Summers,summerswilma4165@outlook.org,(366) 368-8881
16,Cassidy,Haney,haney_cassidy6546@google.org,(456) 181-6681
17,Vernon,Strickland,strickland.vernon@aol.com,(633) 629-5518
18,Aquila,Garcia,a-garcia@outlook.net,(323) 277-9522
19,Cole,Carney,c-cole@outlook.edu,(537) 245-5569
20,Xander,Velazquez,xander.velazquez9027@yahoo.couk,(594) 272-9164
21,Howard,Mccormick,howardmccormick@icloud.ca,(231) 662-2269
22,Adara,Marks,adara_marks779@outlook.org,(855) 785-3658
23,Slade,Townsend,stownsend2548@protonmail.couk,(730) 312-0078
24,Merritt,Patel,patel-merritt@icloud.net,(489) 105-5758
25,Bertha,Blevins,bertha.blevins@aol.org,(558) 235-9628
26,Nicole,Campos,nicole.campos@google.org,(286) 814-7192
27,Salvador,Ferguson,ferguson-salvador@hotmail.org,(280) 158-0218
28,Yvonne,Cervantes,y.cervantes9597@yahoo.org,(979) 286-7408
29,Jelani,Sanchez,jelani.sanchez5818@protonmail.ca,(388) 881-2401
30,Risa,Wong,wongrisa@icloud.org,(849) 549-2535
31,Cynthia,Gilbert,gcynthia8646@outlook.net,(321) 702-6317
32,Beck,Dunlap,dunlapbeck8621@google.edu,(954) 216-3867
33,Sandra,Shelton,sshelton6936@outlook.ca,(747) 335-8945
34,Justin,Gaines,jgaines2448@protonmail.edu,(344) 771-1448
35,Tara,Herring,therring8821@hotmail.net,(242) 815-8855
36,Paki,Gould,gould_paki3947@yahoo.org,(522) 958-7591
37,Reese,Goodman,reese_goodman9395@aol.com,(493) 985-6214
38,Oleg,Barnes,o.barnes@outlook.org,(856) 568-1884
39,Rhona,Powell,rhona_powell3429@outlook.edu,(413) 862-3695
40,Tana,Luna,l_tana491@icloud.com,(884) 791-4443
41,Olivia,Wolf,wolf-olivia@google.com,(583) 714-1732
42,Cain,Pace,pace.cain8434@aol.net,(277) 588-2171
43,Tucker,Vargas,t.vargas906@icloud.ca,(127) 744-5231
44,Adrian,Douglas,adrian-douglas@hotmail.ca,(296) 566-6742
45,Nevada,Powell,powell-nevada@google.ca,(833) 229-4456
46,Imani,Holman,imani.holman9197@google.couk,(513) 805-5668
47,Jeanette,Long,jlong6391@google.net,(966) 641-4033
48,Lawrence,Benjamin,l.benjamin@outlook.org,(889) 325-4881
49,Dora,Reeves,reeves-dora@outlook.org,(488) 878-6302
50,Abel,Jackson,a_jackson5987@hotmail.ca,(723) 638-6513
51,Honorato,Merrill,merrill.honorato@outlook.com,(381) 231-7462
52,Phillip,Mcdowell,p-mcdowell3059@outlook.net,(446) 173-1151
53,Curran,Rogers,rogers.curran@icloud.com,(818) 716-3547
54,Ahmed,Rojas,r-ahmed914@protonmail.org,(445) 242-5524
55,Imelda,Foley,imelda.foley582@icloud.couk,(623) 451-9888
56,Abraham,Hopper,hopper_abraham5465@aol.edu,(842) 132-8544
57,Yoshi,Mccullough,y_mccullough@hotmail.edu,(406) 337-5762
58,Avye,Ayala,a_avye@yahoo.couk,(840) 645-9897
59,Tate,Sawyer,t.sawyer@google.org,(726) 313-3114
60,Selma,Roberson,r.selma443@icloud.com,(941) 513-8102
61,Malachi,Moon,moon.malachi@icloud.couk,(653) 932-2271
62,Hedwig,Griffin,griffinhedwig@hotmail.org,(447) 179-5181
63,Abel,Harris,harrisabel@yahoo.edu,(271) 217-8124
64,Phelan,Huber,huber-phelan1481@outlook.org,(952) 474-6362
65,Priscilla,Ingram,ingram-priscilla2859@aol.ca,(744) 373-5838
66,Noah,Mcneil,mcneil-noah@yahoo.com,(125) 804-7535
67,Sawyer,Valenzuela,svalenzuela@protonmail.edu,(147) 541-8674
68,Adele,Torres,torres-adele@outlook.net,(437) 852-5452
69,Kay,Cooley,cooley-kay6148@aol.edu,(829) 758-8863
70,Arsenio,Chaney,c.arsenio8232@hotmail.com,(664) 755-2972
71,Ashton,Cabrera,a.cabrera6098@icloud.couk,(671) 824-6116
72,Brianna,Nash,nash.brianna@google.org,(578) 855-9357
73,Barbara,Hickman,bhickman@hotmail.couk,(810) 947-8398
74,Nichole,Mcpherson,nmcpherson6539@protonmail.ca,(305) 814-6234
75,Madaline,Price,madaline-price@outlook.edu,(253) 610-5216
76,Clark,Hall,clark-hall2296@icloud.com,(373) 524-2707
77,Joseph,Greene,j.greene1958@icloud.net,(978) 552-1247
78,Melinda,Noel,melinda-noel1509@hotmail.net,(978) 751-5203
79,Wyatt,Whitley,w.whitley2244@outlook.net,(676) 693-0527
80,Lilah,Beach,lilah.beach@google.ca,(601) 632-4678
81,Kathleen,Conley,conley_kathleen205@google.couk,(536) 176-8836
82,Hakeem,Lucas,hakeem_lucas7476@protonmail.net,(510) 303-8123
83,Upton,Beard,ubeard@hotmail.net,(511) 755-6037
84,Quon,Cantrell,q_cantrell8587@google.net,(412) 707-7887
85,Naida,Ramsey,nramsey1641@icloud.edu,(444) 285-4250
86,Alexa,Knox,k_alexa2278@aol.com,(705) 345-0326
87,Zenaida,Cervantes,cervantes-zenaida@protonmail.ca,(795) 216-6650
88,Jason,Berg,jberg@outlook.edu,(150) 723-2287
89,Prescott,Lambert,l_prescott2699@hotmail.net,(776) 293-1826
90,Fleur,Davidson,d.fleur1431@google.edu,(663) 346-2245
91,Brittany,Hammond,h.brittany5077@aol.ca,(306) 524-1375
92,Desiree,Miranda,d-miranda@yahoo.couk,(237) 346-6993
93,Judith,Knapp,j_knapp7168@google.ca,(675) 714-1757
94,Cassidy,Mcdaniel,cmcdaniel5383@icloud.edu,(592) 863-2125
95,Daria,Graves,daria-graves4996@yahoo.org,(316) 623-5047
96,Nissim,Malone,n-malone@hotmail.org,(590) 537-4146
97,Alfonso,Vance,alfonso_vance@yahoo.ca,(482) 224-7839
98,Ifeoma,Berg,i_berg919@icloud.net,(442) 533-2271
99,Miranda,Jensen,jensen-miranda6449@yahoo.couk,(354) 787-2378
100,Benedict,Graham,grahambenedict3449@yahoo.couk,(571) 876-5363
101,Xyla,Bird,xyla-bird@outlook.net,(282) 546-8422
102,Noelani,England,nengland8382@hotmail.org,(841) 658-8166
103,Roanna,Sutton,r-sutton@protonmail.couk,(578) 482-8842
104,Audra,Snow,snow-audra@protonmail.couk,(888) 412-8271
105,Rhea,Compton,rcompton4961@aol.net,(534) 825-1832
106,Quinlan,Callahan,q.callahan8926@outlook.edu,(879) 313-7107
107,Mikayla,Logan,l_mikayla3389@google.com,(579) 171-4398
108,Linda,Joseph,linda_joseph@outlook.org,(246) 659-9067
109,Hannah,Lowery,loweryhannah@yahoo.com,(478) 236-7114
110,Illiana,Kelly,k_illiana767@protonmail.edu,(467) 248-2898
111,Vivian,Douglas,v-douglas9401@hotmail.couk,(687) 672-0687
112,Holmes,Underwood,h_underwood2996@protonmail.net,(342) 485-0558
113,Rafael,Little,lrafael@outlook.com,(817) 614-2548
114,Lareina,Berg,berg_lareina@yahoo.org,(822) 867-1627
115,Melinda,Briggs,briggs_melinda6672@google.ca,(675) 631-5772
116,Reed,Mccoy,mccoyreed5469@protonmail.org,(112) 603-4327
117,Cruz,May,m_cruz@aol.net,(985) 632-7848
118,Yuri,Sutton,s_yuri@protonmail.net,(646) 858-3673
119,Gage,Holloway,gage_holloway@outlook.org,(612) 513-8119
120,Tatiana,Crane,t.crane@google.net,(746) 155-5441
121,Conan,Hurst,hurst_conan4295@hotmail.com,(331) 884-8434
122,Amber,Navarro,a.navarro@icloud.ca,(108) 323-8086
123,Wendy,Humphrey,h.wendy1329@protonmail.edu,(724) 236-3213
124,Aquila,Bray,a_bray@aol.edu,(245) 785-3564
125,Olivia,Taylor,t-olivia@yahoo.net,(896) 637-7221
126,Brenden,Gilmore,brenden_gilmore7268@outlook.com,(835) 886-3356
127,Vielka,Sanchez,s.vielka@yahoo.edu,(678) 738-3334
128,Sara,Franklin,s_franklin108@aol.org,(562) 473-6738
129,Keefe,Boyle,kboyle@protonmail.couk,(262) 241-8763
130,Cameran,Townsend,c-townsend@protonmail.couk,(635) 723-8261
131,Aidan,Phelps,a.phelps@aol.couk,(615) 416-9573
132,Jakeem,Foster,jakeemfoster@icloud.org,(421) 222-9080
133,Camille,Duran,camille_duran6499@icloud.ca,(783) 263-2236
134,Sandra,Shelton,s.sandra943@hotmail.couk,(747) 255-7216
135,Astra,Gallagher,g.astra@protonmail.couk,(643) 516-6453
136,Ashton,O'donnell,odonnellashton@hotmail.ca,(212) 798-9597
137,Emerald,Potts,epotts2027@outlook.couk,(329) 318-2288
138,Catherine,Romero,romerocatherine6046@yahoo.org,(498) 263-0108
139,Vladimir,Vargas,vladimir_vargas@icloud.org,(284) 648-6882
140,Chandler,Norton,norton_chandler@yahoo.edu,(297) 741-1343
141,Victoria,Kent,victoria-kent@google.couk,(463) 869-4321
142,Sasha,Pittman,pittman_sasha834@icloud.ca,(794) 435-6456
143,Wayne,O'connor,oconnor.wayne@icloud.net,(507) 644-9270
144,Xavier,Carpenter,x_carpenter@icloud.couk,(226) 803-3621
145,Felix,Roy,f.roy@google.com,(140) 874-5731
146,Brianna,Pugh,pugh.brianna@protonmail.org,(375) 810-5116
147,Ruth,Chase,rchase3405@hotmail.ca,(758) 415-7825
148,Eaton,Fischer,e.fischer8724@protonmail.org,(651) 767-8787
149,Chanda,Mccray,m_chanda4244@aol.net,(804) 531-1814
150,Samantha,Bruce,bruce-samantha7140@aol.couk,(193) 360-1376
151,Kennan,Moran,k_moran6254@outlook.net,(330) 841-8739
152,Barrett,Woodard,b.woodard5581@aol.net,(617) 628-7333
153,Harrison,Le,le.harrison@aol.couk,(364) 572-1714
154,Nathan,Russo,n-russo@protonmail.couk,(279) 927-2161
155,Rina,Buckley,b.rina2919@yahoo.ca,(357) 538-8834
156,Isadora,Humphrey,humphrey_isadora1428@aol.org,(129) 786-8738
157,Ina,Wood,i_wood@yahoo.couk,(874) 716-8415
158,Lyle,Dale,d.lyle@protonmail.edu,(778) 136-1168
159,Noah,Bush,noah.bush6975@outlook.edu,(620) 465-5446
160,Rebecca,Bishop,rebecca-bishop@icloud.net,(508) 629-1774
161,Winifred,Valentine,valentinewinifred4093@google.org,(537) 158-8448
162,Nathan,Gill,nathan.gill6977@icloud.edu,(844) 371-7603
163,Gil,Goff,g-goff@outlook.couk,(526) 847-8183
164,Mona,Dyer,dyer_mona1645@protonmail.edu,(873) 267-3544
165,Arden,Tran,t_arden@outlook.couk,(622) 418-9354
166,Aphrodite,Crawford,aphrodite.crawford1503@outlook.com,(338) 738-7514
167,Olga,Vega,v_olga@outlook.couk,(801) 877-7118
168,Cadman,Terry,terry-cadman493@outlook.net,(246) 832-1255
169,Burton,Holmes,burtonholmes6190@hotmail.edu,(183) 328-3618
170,Amos,Hendricks,hendricks-amos5036@yahoo.ca,(668) 975-7255
171,Sylvester,Hines,hinessylvester@outlook.ca,(427) 527-5317
172,Darryl,Vinson,d.vinson5038@yahoo.org,(140) 257-8323
173,Steven,Orr,s-orr5041@protonmail.com,(108) 816-6471
174,Zane,Rice,rice_zane@aol.edu,(375) 345-2481
175,Olympia,Newman,o.newman@yahoo.net,(213) 181-8201
176,Zephania,Montgomery,m.zephania96@aol.couk,(784) 811-9715
177,Porter,Bentley,porterbentley9112@aol.org,(453) 354-3611
178,Raja,Brock,brock_raja@aol.ca,(748) 685-9268
179,Rose,Cochran,cochran.rose1540@outlook.com,(634) 544-7273
180,Brian,Conner,b.conner8088@hotmail.edu,(434) 576-1538
181,Channing,Joyner,joyner_channing@hotmail.couk,(882) 780-8434
182,Talon,Figueroa,figueroatalon@outlook.net,(126) 587-5986
183,William,Knight,knight_william1626@icloud.com,(380) 171-8793
184,Talon,Hodges,hodges_talon7049@google.ca,(770) 313-1732
185,Remedios,Trevino,remediostrevino@hotmail.com,(468) 131-7350
186,Marvin,Wilder,m.wilder@aol.couk,(202) 221-7090
187,Gretchen,Mcmahon,gretchen.mcmahon@google.edu,(649) 424-5475
188,Buffy,Reese,reese.buffy4240@hotmail.edu,(484) 264-2321
189,Aquila,Todd,aquilatodd@protonmail.org,(860) 766-4853
190,Martin,Cooley,c_martin@icloud.edu,(412) 624-1416
191,Thane,Sexton,s_thane7672@icloud.org,(888) 522-2313
192,Mikayla,Hubbard,m.hubbard7577@outlook.org,(848) 467-6343
193,Harding,Rowe,r-harding@outlook.couk,(273) 686-7684
194,Macon,Rogers,rogers-macon7736@protonmail.couk,(398) 683-7601
195,Tallulah,Park,tallulah-park2278@hotmail.com,(802) 293-8446
196,Sierra,Schroeder,s-schroeder@hotmail.org,(866) 522-2957
197,Burton,O'brien,b_obrien@outlook.net,(771) 976-8483
198,Ulric,Mcbride,mulric8436@hotmail.com,(381) 678-3266
199,Meghan,Dalton,m_dalton@aol.org,(275) 656-2433
200,Veronica,Jennings,veronica.jennings5502@hotmail.edu,(797) 212-9821
201,Jermaine,Vaughn,v.jermaine@aol.com,(264) 866-9243
202,Giacomo,Combs,combs_giacomo1976@outlook.net,(761) 761-2018
203,Gay,Miller,miller-gay6454@hotmail.ca,(774) 151-8535
204,Ebony,Best,bestebony@yahoo.net,(418) 179-2753
205,Alexa,Murphy,murphy_alexa@yahoo.com,(312) 706-7281
206,Jared,Grant,grant_jared6512@google.org,(841) 309-6199
207,Christen,Gay,gay-christen1831@icloud.couk,(382) 134-1151
208,Vladimir,Mitchell,m-vladimir@aol.ca,(215) 324-5323
209,Hayley,Sullivan,h_sullivan3576@google.org,(841) 319-1938
210,Silas,Tanner,tanner-silas4963@google.com,(249) 391-3140
211,Uriah,Buckley,b-uriah8094@protonmail.edu,(504) 472-3791
212,Brianna,Combs,brianna_combs6677@google.edu,(198) 878-2617
213,Demetrius,Robbins,rdemetrius9422@aol.org,(146) 321-2713
214,Kirk,Stone,stone.kirk@google.ca,(756) 247-3851
215,Brian,Singleton,b.singleton3574@hotmail.edu,(888) 463-9831
216,Kasimir,Albert,a-kasimir163@outlook.org,(213) 468-3777
217,Zoe,Dixon,z.dixon@google.net,(638) 558-6592
218,Talon,Skinner,skinner-talon@yahoo.net,(812) 198-9761
219,Imelda,English,english_imelda4994@google.ca,(318) 836-1604
220,Brent,Bowers,bowers.brent2218@protonmail.org,(786) 224-4070
221,Chancellor,Washington,chancellor_washington@protonmail.com,(148) 892-3257
222,Devin,Mcleod,mcleod_devin4580@hotmail.ca,(602) 385-7496
223,Vernon,Hicks,vernon-hicks6537@google.net,(861) 515-9863
224,Hannah,Pacheco,pacheco.hannah@outlook.net,(378) 751-2263
225,Barbara,Sparks,b.sparks@hotmail.org,(465) 542-5815
226,Sharon,Lane,l.sharon@google.couk,(457) 486-5245
227,Margaret,Andrews,mandrews4293@aol.com,(243) 736-5264
228,Jessica,Snider,snider.jessica8241@google.com,(286) 363-4166
229,Lucian,Bridges,b-lucian@hotmail.edu,(923) 587-4215
230,Nasim,Fleming,f_nasim1005@hotmail.net,(846) 645-2110
231,Melanie,Norman,norman_melanie8367@yahoo.org,(767) 635-3769
232,Rhoda,Dickson,rhoda-dickson@google.net,(420) 371-4122
233,Bell,Richard,r_bell1087@yahoo.ca,(548) 837-2673
234,Lunea,Villarreal,l_villarreal@hotmail.couk,(252) 392-4225
235,Xaviera,Manning,xaviera_manning5641@google.couk,(674) 997-1544
236,Nissim,Bell,bell.nissim@google.net,(263) 504-2111
237,Shoshana,Parks,p-shoshana6842@outlook.ca,(851) 663-8302
238,Kaitlin,Kim,k-kaitlin@protonmail.net,(526) 448-0433
239,Quinlan,Sutton,s.quinlan8136@outlook.org,(283) 656-2369
240,Fiona,Pratt,f_pratt2844@outlook.edu,(532) 424-4666
241,Emi,Morales,morales.emi4006@hotmail.couk,(841) 626-8070
242,Desiree,Compton,d.compton8401@aol.com,(521) 629-3246
243,Mara,Blanchard,bmara4774@protonmail.com,(731) 249-9003
244,Emma,Cherry,cemma@yahoo.ca,(698) 388-1522
245,Fuller,Henderson,hfuller@aol.net,(531) 437-3123
246,Cody,Hinton,c-hinton@outlook.com,(512) 719-2377
247,Ivan,Baldwin,ivanbaldwin3622@google.ca,(348) 823-4558
248,Oleg,Barrera,b_oleg@google.edu,(447) 858-1443
249,Liberty,Moore,mooreliberty748@aol.net,(433) 466-5891
250,Nomlanga,Wise,wisenomlanga5733@icloud.org,(486) 656-1376
251,Colette,Collins,collins.colette4346@outlook.net,(251) 575-9927
252,Avram,Harvey,a-harvey@yahoo.edu,(684) 282-1118
253,Xenos,Wood,woodxenos@icloud.edu,(611) 182-2126
254,Justine,Crosby,crosbyjustine709@protonmail.net,(695) 946-3531
255,Sean,Salazar,salazar-sean1448@yahoo.org,(464) 886-7982
256,Dylan,Reyes,reyes.dylan@google.net,(452) 652-5120
257,Olivia,Hyde,o_hyde@yahoo.ca,(458) 695-5027
258,Ira,Dudley,i_dudley7879@aol.edu,(425) 717-4637
259,Barbara,Kennedy,barbara.kennedy@hotmail.net,(586) 636-4592
260,Brynne,Dejesus,dejesus.brynne9680@aol.net,(957) 748-3395
261,Callum,Pate,p_callum@icloud.org,(882) 844-1628
262,Jessamine,Guy,g_jessamine6089@outlook.edu,(395) 587-3627
263,Dana,Cabrera,dcabrera8@yahoo.org,(763) 620-9823
264,Wynter,Mcdaniel,m.wynter@icloud.org,(448) 448-4593
265,Keelie,Fuentes,fuentes-keelie@icloud.edu,(355) 681-1027
266,Jeremy,Quinn,j.quinn@outlook.edu,(672) 483-5126
267,Camden,Kemp,k_camden@protonmail.edu,(262) 754-4151
268,Aspen,Reed,reed.aspen@outlook.net,(450) 675-2456
269,Judah,Figueroa,f-judah@icloud.org,(618) 231-3060
270,Cadman,Horton,horton-cadman6085@yahoo.net,(417) 656-1444
271,Dexter,Fisher,d_fisher2364@google.net,(759) 126-6895
272,Miriam,Avery,m-avery2210@google.net,(744) 932-5143
273,Indira,Bryan,indira_bryan@protonmail.org,(505) 106-4163
274,Daquan,Emerson,emerson-daquan@hotmail.org,(413) 452-6714
275,Slade,Crane,crane.slade4711@protonmail.ca,(722) 622-6353
276,Ulla,William,william.ulla5131@protonmail.couk,(457) 533-5567
277,Shay,Mcmillan,s-mcmillan@icloud.org,(763) 142-6569
278,Graiden,Ortega,graiden_ortega@google.com,(436) 595-3017
279,Germaine,Wilkerson,wilkerson-germaine2533@icloud.com,(805) 534-0733
280,Fiona,Ratliff,ratliff-fiona1159@google.org,(738) 676-0111
281,Allistair,Walker,a.walker9900@protonmail.net,(721) 532-4148
282,Jayme,Barr,barr-jayme2100@yahoo.ca,(621) 466-8530
283,Hunter,Small,h_small@protonmail.ca,(525) 565-5450
284,Nathan,Ross,ross.nathan3991@aol.net,(862) 718-2464
285,Reagan,Baker,b_reagan@google.org,(276) 735-0267
286,Gage,Young,gage-young3688@yahoo.com,(988) 671-4714
287,Marsden,Mcdaniel,m-mcdaniel@google.edu,(942) 725-5765
288,Paula,Burris,p_burris@outlook.edu,(598) 982-2578
289,Bruno,Brewer,bbrewer5787@hotmail.net,(228) 672-1333
290,Velma,Huff,v-huff5130@protonmail.net,(228) 756-2879
291,Luke,Watts,lwatts@protonmail.ca,(227) 854-6182
292,Macey,Savage,macey_savage@outlook.org,(467) 586-5288
293,Raja,Baxter,r.baxter@aol.net,(651) 698-6866
294,Debra,Richard,d.richard3608@icloud.org,(264) 586-5551
295,Palmer,Clarke,palmer_clarke8753@protonmail.couk,(556) 463-6454
296,Cain,Gay,g.cain@hotmail.org,(420) 652-9537
297,Dalton,Ortega,ortegadalton@aol.ca,(878) 844-7334
298,Ciara,Frazier,ciarafrazier@outlook.com,(585) 519-6152
299,Shea,Williams,williamsshea2235@hotmail.edu,(613) 813-3235
300,Quon,Sanchez,s.quon5803@icloud.edu,(598) 855-4948
301,Jana,Durham,jana_durham2750@google.ca,(521) 537-7073
302,Anastasia,Briggs,abriggs7977@hotmail.org,(856) 397-2489
303,Kuame,Morgan,morgan.kuame@hotmail.couk,(891) 886-5932
304,Laith,Joyce,ljoyce196@outlook.edu,(147) 578-7756
305,Joseph,Shepherd,j-shepherd@icloud.com,(477) 672-6776
306,Brady,Reese,reese_brady1103@outlook.couk,(392) 358-0689
307,Gisela,Cruz,gcruz3212@protonmail.org,(237) 320-2498
308,Jeanette,Stout,jstout@hotmail.org,(275) 325-7392
309,Alan,Banks,banks.alan@outlook.org,(912) 218-0067
310,Chadwick,Wallace,wallace-chadwick9759@outlook.net,(825) 151-3852
311,Rajah,Cooper,cooper_rajah1676@protonmail.com,(836) 464-7656
312,Veronica,Stephenson,stephensonveronica2734@hotmail.org,(585) 721-8778
313,Lynn,Vazquez,l_vazquez@google.org,(494) 570-3335
314,Matthew,Weiss,mweiss@icloud.org,(956) 635-6230
315,Halee,Mcfarland,h_mcfarland1694@yahoo.org,(678) 649-2314
316,Ruby,Horton,h-ruby948@protonmail.edu,(393) 849-7864
317,India,Lang,langindia@outlook.couk,(488) 283-4166
318,Nomlanga,Cooley,n_cooley2296@outlook.edu,(571) 842-4133
319,Felix,Cardenas,cardenas.felix@icloud.ca,(716) 424-8216
320,Haviva,Shaffer,haviva_shaffer@hotmail.ca,(217) 368-3054
321,Brent,Barton,b_barton1479@icloud.ca,(885) 886-7048
322,Julian,Oneal,julian_oneal8007@aol.org,(856) 689-0566
323,Amber,Reilly,r.amber9259@google.net,(413) 548-4193
324,Brynn,Strong,bstrong6260@icloud.net,(611) 577-7266
325,Ronan,Petty,petty-ronan@icloud.couk,(681) 331-3826
326,Danielle,Dean,d.danielle@google.net,(571) 835-8395
327,Kamal,Mcgee,mcgee.kamal4402@hotmail.edu,(116) 413-4586
328,Driscoll,Raymond,driscoll-raymond1025@icloud.ca,(227) 428-7525
329,Karly,Duncan,karly.duncan5726@protonmail.net,(627) 633-7033
330,Amal,Emerson,aemerson@google.org,(293) 344-8461
331,Xantha,Knight,knight_xantha@hotmail.couk,(178) 183-5758
332,Nolan,Casey,n_casey@icloud.org,(292) 212-3966
333,Wayne,Small,small.wayne5630@protonmail.ca,(653) 863-9722
334,Henry,Vincent,henry_vincent1548@aol.net,(358) 952-9110
335,Nomlanga,Ramos,n_ramos@yahoo.net,(232) 308-6482
336,Lacy,Baxter,lacy-baxter3742@hotmail.com,(788) 686-9345
337,Clementine,Osborn,c.osborn@yahoo.edu,(391) 655-6195
338,Abdul,Gentry,a.gentry8152@google.com,(398) 116-5775
339,Cleo,Mitchell,c.mitchell1378@yahoo.org,(407) 725-5638
340,Vladimir,Christian,vladimir.christian224@google.net,(237) 557-8635
341,Dennis,O'brien,obrien.dennis@outlook.edu,(258) 378-3814
342,Phelan,Short,short-phelan@yahoo.ca,(846) 658-3781
343,Raja,Cotton,rajacotton@yahoo.net,(290) 993-4482
344,Shana,Guerrero,s_guerrero@yahoo.com,(785) 611-7326
345,Rashad,Burke,r_burke4900@outlook.net,(376) 321-4622
346,Diana,Booth,dbooth5663@yahoo.ca,(373) 631-8251
347,Vanna,Carter,v_carter@hotmail.edu,(605) 245-7526
348,Quin,Osborn,quin_osborn@outlook.edu,(396) 213-3347
349,Charles,Juarez,charles.juarez@outlook.couk,(633) 664-0097
350,Giselle,Hale,giselle_hale3163@google.ca,(870) 549-9357
351,Leila,Barnes,l.barnes@yahoo.couk,(110) 776-0282
352,Graham,Roberts,rgraham2267@icloud.couk,(217) 164-4167
353,Chancellor,Mccarthy,m-chancellor5675@protonmail.couk,(957) 758-4499
354,Jarrod,Shelton,jshelton3874@hotmail.net,(358) 276-6797
355,Maxine,Fields,f-maxine9164@aol.ca,(481) 844-5885
356,Eric,Armstrong,armstrong_eric5916@hotmail.edu,(753) 875-1431
357,Kareem,Johns,kjohns@google.net,(366) 523-6119
358,Jason,Ochoa,o.jason@yahoo.com,(546) 958-5070
359,Valentine,Burke,valentine_burke@aol.org,(802) 420-4168
360,Hilel,Miles,h.miles3769@icloud.ca,(279) 261-5138
361,Scott,Petty,scott.petty@outlook.couk,(388) 779-1535
362,Cheryl,Gallegos,gallegos_cheryl@hotmail.com,(772) 228-6866
363,Medge,Nieves,mnieves665@google.net,(857) 429-9287
364,Cairo,Ewing,ecairo1185@protonmail.org,(514) 325-4351
365,Iliana,Ramos,iramos@protonmail.net,(836) 283-9162
366,Candice,Dyer,d-candice4721@protonmail.ca,(222) 386-0364
367,Dustin,Church,church.dustin74@hotmail.net,(681) 387-1341
368,Orlando,Tyler,tyler_orlando@protonmail.net,(497) 335-2517
369,Cora,Dillard,c-dillard@aol.com,(394) 271-2238
370,Vernon,Hoffman,v-hoffman@google.couk,(627) 755-8327
371,Samuel,Pennington,s-pennington@google.couk,(638) 592-1771
372,Martha,Holder,marthaholder1056@outlook.net,(624) 706-8828
373,Jenna,Savage,jsavage@outlook.net,(860) 160-0982
374,Nita,Parsons,parsons_nita344@google.com,(858) 931-9850
375,Caryn,Nelson,carynnelson@google.org,(828) 568-7141
376,Raya,Henderson,h.raya@icloud.net,(447) 737-2543
377,TaShya,Ferrell,tashya.ferrell@outlook.couk,(933) 763-9297
378,Ria,Foster,foster_ria4609@icloud.net,(472) 422-4411
379,Clayton,Mcintyre,clayton_mcintyre2804@protonmail.edu,(707) 351-4954
380,Rajah,Brewer,r-brewer2458@hotmail.ca,(737) 434-6036
381,Evangeline,Swanson,sevangeline@hotmail.ca,(629) 867-6493
382,India,Cortez,india-cortez@icloud.edu,(864) 556-6416
383,Burke,Cline,burkecline@outlook.ca,(503) 235-4726
384,Finn,Yang,yangfinn7467@icloud.couk,(773) 626-5542
385,Jena,Clements,clements-jena7105@icloud.net,(644) 458-3711
386,Kevyn,Cleveland,c_kevyn@icloud.couk,(514) 629-5442
387,Declan,Spears,s_declan7802@outlook.couk,(868) 537-5345
388,Hedwig,Bryant,hedwig_bryant@hotmail.com,(502) 604-9781
389,Lilah,Kelly,k.lilah@yahoo.edu,(356) 505-9111
390,Lucius,Hooper,lhooper3694@protonmail.ca,(450) 463-4877
391,Lois,Mcconnell,mcconnell-lois@icloud.net,(456) 760-0115
392,Lillian,English,english.lillian@google.couk,(259) 333-6371
393,Oleg,Christensen,oleg-christensen@outlook.org,(954) 408-7401
394,Lamar,Floyd,l_floyd@hotmail.org,(467) 727-4755
395,Breanna,Vaughan,vaughanbreanna2901@yahoo.couk,(353) 879-3063
396,Jaden,Farmer,farmer-jaden7770@yahoo.net,(382) 417-3149
397,Ali,Anderson,a_ali8445@aol.net,(769) 343-6681
398,Anastasia,Gaines,gaines.anastasia4286@google.edu,(835) 214-2882
399,Colleen,Wilson,cwilson@outlook.net,(356) 562-7546
400,Mohammad,Huff,mhuff1638@hotmail.net,(251) 464-0838
