VolunteerID,TrainingID
151,43
267,84
366,117
72,146
311,10
102,25
232,391
134,94
237,88
209,17
109,168
259,112
295,294
73,92
256,204
240,107
301,212
49,247
57,269
232,377
127,184
319,116
55,326
305,227
324,69
221,233
111,361
132,393
91,114
113,160
391,244
155,144
22,32
120,284
239,384
314,387
343,51
295,163
371,131
335,348
104,214
101,41
228,231
139,162
53,397
120,176
158,279
269,375
379,18
396,327
136,269
356,34
8,358
248,199
19,376
126,84
340,291
206,211
130,329
364,1
343,73
206,67
391,378
229,316
278,92
49,385
70,179
163,227
208,387
103,343
62,162
246,99
221,191
70,129
386,276
354,64
366,294
67,7
292,354
242,106
84,105
256,22
252,308
213,326
267,306
211,127
200,136
25,382
310,267
228,234
201,217
348,150
145,38
127,249
141,333
96,200
81,300
229,144
252,29
285,215
45,328
341,250
326,198
387,366
182,333
348,356
278,50
315,206
38,343
53,215
350,191
11,69
84,306
35,26
261,100
189,93
13,273
90,218
202,41
97,122
104,18
211,400
274,11
162,373
158,101
21,352
35,259
366,288
87,306
254,56
85,107
107,293
300,50
348,373
53,196
274,262
91,79
254,204
378,81
363,367
126,27
68,193
243,45
64,52
395,170
267,21
122,142
59,248
351,258
248,7
211,107
37,318
355,228
168,374
246,339
23,172
399,154
226,101
389,235
11,45
319,161
279,381
337,224
172,227
89,220
200,84
359,364
97,327
312,252
152,43
340,103
135,210
1,368
385,74
185,314
68,394
183,381
148,185
382,361
67,215
286,253
26,186
122,123
382,199
293,121
68,259
156,381
275,91
14,68
329,327
6,222
264,90
42,14
390,175
359,206
125,277
45,177
95,254
54,262
193,169
151,41
373,392
172,73
214,228
377,124
12,139
123,226
256,72
104,69
394,60
43,211
126,227
266,387
238,316
18,136
39,88
234,44
278,141
30,128
223,34
250,6
292,170
301,255
280,43
101,291
236,345
53,162
319,132
75,28
3,161
149,327
148,111
169,332
185,20
171,122
63,269
182,131
209,234
145,240
152,99
195,317
208,296
11,267
360,384
178,273
50,353
400,57
54,76
271,348
280,262
281,248
354,229
309,87
331,325
138,196
306,152
331,96
189,3
38,356
377,212
277,363
341,137
96,217
28,162
26,381
40,136
162,171
102,358
137,96
112,170
394,386
51,74
386,391
295,142
207,178
238,4
102,3
219,161
109,384
36,143
53,223
211,40
354,98
24,34
187,168
96,59
294,312
263,343
32,312
133,215
390,127
119,60
48,247
214,41
301,320
181,376
101,127
330,392
243,85
362,24
178,114
222,120
81,181
268,25
332,266
87,206
329,386
199,285
95,57
282,301
286,42
106,322
241,376
167,347
365,164
7,227
391,73
162,259
87,354
344,397
258,339
11,53
209,65
344,271
143,92
181,231
70,242
335,60
159,100
8,187
389,144
64,347
312,31
152,60
128,377
53,185
42,283
142,397
365,316
102,351
360,228
370,22
134,258
183,52
70,84
39,7
145,290
348,222
294,269
125,159
350,268
295,332
84,316
293,133
230,379
174,200
173,244
383,63
107,384
154,87
36,113
22,178
399,12
177,326
89,222
161,238
236,12
73,134
62,381
400,129
123,220
270,19
232,154
384,288
15,314
320,114
156,280
255,250
3,196
195,119
331,397
133,162
96,271
397,199
265,61
113,58
269,296
46,117
25,192
142,359
165,333
275,214
337,198
261,41
215,181
350,235
89,212
301,388
72,290
199,340
