TrainingID,TrainingName,TrainingDate,Description
1,CPR and First Aid Certification,2024-10-28,CPR and First Aid Certification description for healthcare purposes.
2,Emergency Response Training,2025-03-01,Emergency Response Training description for healthcare purposes.
3,X-ray Technician Certification,2025-06-17,X-ray Technician Certification description for healthcare purposes.
4,Medical Record Keeping,2025-06-02,Medical Record Keeping description for healthcare purposes.
5,Nursing Assistant Skills,2025-12-01,Nursing Assistant Skills description for healthcare purposes.
6,Advanced Life Support (ALS) Training,2025-06-01,Advanced Life Support (ALS) Training description for healthcare purposes.
7,Pharmacy Assistant Training,2025-01-13,Pharmacy Assistant Training description for healthcare purposes.
8,Surgical Support Training,2025-07-25,Surgical Support Training description for healthcare purposes.
9,Patient Care Assistant Certification,2024-04-04,Patient Care Assistant Certification description for healthcare purposes.
10,Infection Control Training,2024-10-23,Infection Control Training description for healthcare purposes.
11,Wound Care Management,2024-05-08,Wound Care Management description for healthcare purposes.
12,Medical Equipment Handling,2024-07-10,Medical Equipment Handling description for healthcare purposes.
13,Clinical Laboratory Technician Training,2024-08-05,Clinical Laboratory Technician Training description for healthcare purposes.
14,Cardiopulmonary Resuscitation (CPR) for Healthcare Workers,2024-02-02,Cardiopulmonary Resuscitation (CPR) for Healthcare Workers description for healthcare purposes.
15,Pediatric Nursing Care,2025-12-04,Pediatric Nursing Care description for healthcare purposes.
16,Geriatric Care Training,2024-07-25,Geriatric Care Training description for healthcare purposes.
17,Blood Transfusion Safety and Procedures,2025-01-04,Blood Transfusion Safety and Procedures description for healthcare purposes.
18,Orthopedic Care Assistant,2024-02-21,Orthopedic Care Assistant description for healthcare purposes.
19,Respiratory Therapy Certification,2025-04-21,Respiratory Therapy Certification description for healthcare purposes.
20,Mental Health First Aid,2025-09-27,Mental Health First Aid description for healthcare purposes.
21,Hospital Administration Skills,2024-02-10,Hospital Administration Skills description for healthcare purposes.
22,Phlebotomy Technician Training,2025-08-21,Phlebotomy Technician Training description for healthcare purposes.
23,Patient Transportation Training,2025-11-19,Patient Transportation Training description for healthcare purposes.
24,Sterile Processing Technician Certification,2024-09-29,Sterile Processing Technician Certification description for healthcare purposes.
25,Radiology Safety Procedures,2024-07-06,Radiology Safety Procedures description for healthcare purposes.
26,Rehabilitation Assistant Training,2024-05-13,Rehabilitation Assistant Training description for healthcare purposes.
27,Physical Therapy Aide Training,2024-10-02,Physical Therapy Aide Training description for healthcare purposes.
28,Medical Billing and Coding,2025-03-07,Medical Billing and Coding description for healthcare purposes.
29,Nutrition for Healthcare Workers,2024-01-21,Nutrition for Healthcare Workers description for healthcare purposes.
30,Emergency Medical Technician (EMT) Training,2024-03-25,Emergency Medical Technician (EMT) Training description for healthcare purposes.
31,Critical Care Nursing,2024-03-17,Critical Care Nursing description for healthcare purposes.
32,Pain Management Techniques,2025-12-14,Pain Management Techniques description for healthcare purposes.
33,Audiology Assistant Training,2025-02-24,Audiology Assistant Training description for healthcare purposes.
34,Optometry Technician Certification,2025-12-26,Optometry Technician Certification description for healthcare purposes.
35,Palliative Care Training,2024-03-30,Palliative Care Training description for healthcare purposes.
36,Diabetes Management for Healthcare Providers,2024-04-14,Diabetes Management for Healthcare Providers description for healthcare purposes.
37,Emergency Room (ER) Procedures,2025-07-18,Emergency Room (ER) Procedures description for healthcare purposes.
38,Advanced Nursing Practices,2024-03-17,Advanced Nursing Practices description for healthcare purposes.
39,Childbirth Education for Healthcare Workers,2025-09-01,Childbirth Education for Healthcare Workers description for healthcare purposes.
40,Healthcare Leadership and Management Training,2024-04-16,Healthcare Leadership and Management Training description for healthcare purposes.
41,Laboratory Safety and Procedures,2025-11-23,Laboratory Safety and Procedures description for healthcare purposes.
42,Medical Ethics and Legal Responsibilities,2025-04-22,Medical Ethics and Legal Responsibilities description for healthcare purposes.
43,Patient Safety Training,2025-10-04,Patient Safety Training description for healthcare purposes.
44,Hygiene and Infection Control in Healthcare,2024-07-26,Hygiene and Infection Control in Healthcare description for healthcare purposes.
45,Behavioral Health Training,2024-07-13,Behavioral Health Training description for healthcare purposes.
46,Trauma Care and Management,2024-10-11,Trauma Care and Management description for healthcare purposes.
47,Health and Wellness Coaching,2024-03-03,Health and Wellness Coaching description for healthcare purposes.
48,End-of-Life Care Training,2025-02-01,End-of-Life Care Training description for healthcare purposes.
49,Pediatric First Aid and CPR,2025-05-18,Pediatric First Aid and CPR description for healthcare purposes.
50,Medical Research Assistant Training,2025-06-14,Medical Research Assistant Training description for healthcare purposes.
51,Healthcare Quality Assurance,2024-12-26,Healthcare Quality Assurance description for healthcare purposes.
52,Clinical Trials Management,2024-05-01,Clinical Trials Management description for healthcare purposes.
53,Cardiac Rehabilitation Training,2025-06-18,Cardiac Rehabilitation Training description for healthcare purposes.
54,Injury Prevention and Safety in Healthcare,2024-07-02,Injury Prevention and Safety in Healthcare description for healthcare purposes.
55,Healthcare IT and Data Management,2025-09-22,Healthcare IT and Data Management description for healthcare purposes.
56,Pain and Symptom Management for Healthcare Workers,2025-07-19,Pain and Symptom Management for Healthcare Workers description for healthcare purposes.
57,Community Health Training,2025-12-05,Community Health Training description for healthcare purposes.
58,Surgical Assistant Training,2025-02-10,Surgical Assistant Training description for healthcare purposes.
59,Healthcare Communication Skills,2025-06-06,Healthcare Communication Skills description for healthcare purposes.
60,Mental Health Support in Healthcare,2025-01-27,Mental Health Support in Healthcare description for healthcare purposes.
61,Health Information Management,2024-05-17,Health Information Management description for healthcare purposes.
62,Emergency Disaster Management,2025-03-18,Emergency Disaster Management description for healthcare purposes.
63,Personal Protective Equipment (PPE) Training,2024-09-01,Personal Protective Equipment (PPE) Training description for healthcare purposes.
64,Radiation Safety and Protection,2024-10-28,Radiation Safety and Protection description for healthcare purposes.
65,Anesthesia Technician Certification,2025-09-05,Anesthesia Technician Certification description for healthcare purposes.
66,Patient Advocacy Training,2025-05-06,Patient Advocacy Training description for healthcare purposes.
67,Chronic Disease Management Training,2025-04-16,Chronic Disease Management Training description for healthcare purposes.
68,Gastroenterology Assistant Training,2024-08-15,Gastroenterology Assistant Training description for healthcare purposes.
69,Dermatology Assistant Certification,2024-08-14,Dermatology Assistant Certification description for healthcare purposes.
70,Laboratory Technician Skills,2024-01-06,Laboratory Technician Skills description for healthcare purposes.
71,Ambulance Driving and Safety Training,2024-07-29,Ambulance Driving and Safety Training description for healthcare purposes.
72,Clinical Research Assistant Skills,2024-10-18,Clinical Research Assistant Skills description for healthcare purposes.
73,Maternity Care Assistant Training,2024-02-02,Maternity Care Assistant Training description for healthcare purposes.
74,Allergy and Immunology Assistant Training,2025-03-03,Allergy and Immunology Assistant Training description for healthcare purposes.
75,Speech and Language Pathology Assistant,2025-01-03,Speech and Language Pathology Assistant description for healthcare purposes.
76,Neurology Assistant Training,2024-05-04,Neurology Assistant Training description for healthcare purposes.
77,Cardiology Technician Certification,2025-12-24,Cardiology Technician Certification description for healthcare purposes.
78,Obstetric Assistant Training,2024-09-26,Obstetric Assistant Training description for healthcare purposes.
79,Veterinary Health Assistant Training,2024-12-06,Veterinary Health Assistant Training description for healthcare purposes.
80,Medical Photography Training,2024-03-16,Medical Photography Training description for healthcare purposes.
81,Genetics Counseling Certification,2025-06-14,Genetics Counseling Certification description for healthcare purposes.
82,Pharmacology for Healthcare Workers,2024-05-16,Pharmacology for Healthcare Workers description for healthcare purposes.
83,Medical Transcription Skills,2025-06-26,Medical Transcription Skills description for healthcare purposes.
84,Healthcare Legal Compliance Training,2024-05-19,Healthcare Legal Compliance Training description for healthcare purposes.
85,Inpatient Care Management,2024-02-27,Inpatient Care Management description for healthcare purposes.
86,Outpatient Services Training,2024-05-25,Outpatient Services Training description for healthcare purposes.
87,Geriatric Social Work Skills,2024-11-25,Geriatric Social Work Skills description for healthcare purposes.
88,Hematology Technician Training,2025-01-06,Hematology Technician Training description for healthcare purposes.
89,Biotechnology for Healthcare Workers,2024-11-10,Biotechnology for Healthcare Workers description for healthcare purposes.
90,Emergency Medical Dispatching,2024-03-07,Emergency Medical Dispatching description for healthcare purposes.
91,Clinical Microbiology Skills,2024-08-22,Clinical Microbiology Skills description for healthcare purposes.
92,Cytology Technician Certification,2025-11-08,Cytology Technician Certification description for healthcare purposes.
93,Endoscopy Technician Training,2025-08-14,Endoscopy Technician Training description for healthcare purposes.
94,Advanced Patient Care Certification,2025-08-22,Advanced Patient Care Certification description for healthcare purposes.
95,Nutrition Counseling for Healthcare Providers,2024-06-09,Nutrition Counseling for Healthcare Providers description for healthcare purposes.
96,Oncology Nursing Care,2025-11-02,Oncology Nursing Care description for healthcare purposes.
97,Advanced Cardiac Life Support (ACLS),2025-08-12,Advanced Cardiac Life Support (ACLS) description for healthcare purposes.
98,Burn Care Management,2024-05-20,Burn Care Management description for healthcare purposes.
99,Wound Dressing and Care,2024-06-29,Wound Dressing and Care description for healthcare purposes.
100,Post-Operative Care Certification,2025-07-31,Post-Operative Care Certification description for healthcare purposes.
101,Medical Social Worker Training,2025-12-22,Medical Social Worker Training description for healthcare purposes.
102,Clinical Nursing Education,2024-02-28,Clinical Nursing Education description for healthcare purposes.
103,Medical Assistant Skills,2024-04-01,Medical Assistant Skills description for healthcare purposes.
104,Orthotics and Prosthetics Assistant,2024-06-27,Orthotics and Prosthetics Assistant description for healthcare purposes.
105,Family Medicine Assistant Training,2024-07-31,Family Medicine Assistant Training description for healthcare purposes.
106,Radiation Oncology Certification,2024-03-01,Radiation Oncology Certification description for healthcare purposes.
107,Reproductive Health Assistant Training,2024-05-07,Reproductive Health Assistant Training description for healthcare purposes.
108,Healthcare Marketing and PR Training,2024-01-19,Healthcare Marketing and PR Training description for healthcare purposes.
109,Health Insurance for Healthcare Workers,2025-01-03,Health Insurance for Healthcare Workers description for healthcare purposes.
110,Medical Coding and Billing,2025-09-21,Medical Coding and Billing description for healthcare purposes.
111,Clinical Decision Making for Healthcare,2025-11-15,Clinical Decision Making for Healthcare description for healthcare purposes.
112,Laboratory Management Skills,2025-11-06,Laboratory Management Skills description for healthcare purposes.
113,Public Health Assistant Certification,2024-05-07,Public Health Assistant Certification description for healthcare purposes.
114,Human Resources for Healthcare Organizations,2025-09-02,Human Resources for Healthcare Organizations description for healthcare purposes.
115,Neonatal Nursing Care,2025-06-13,Neonatal Nursing Care description for healthcare purposes.
116,Substance Abuse Counseling in Healthcare,2024-04-25,Substance Abuse Counseling in Healthcare description for healthcare purposes.
117,Medical Device Sales Training,2024-11-13,Medical Device Sales Training description for healthcare purposes.
118,Alternative Medicine Practices in Healthcare,2024-06-21,Alternative Medicine Practices in Healthcare description for healthcare purposes.
119,Healthcare Financial Management,2024-02-04,Healthcare Financial Management description for healthcare purposes.
120,Chronic Pain Management,2025-07-27,Chronic Pain Management description for healthcare purposes.
121,Physical Rehabilitation Techniques,2025-05-18,Physical Rehabilitation Techniques description for healthcare purposes.
122,Pediatric Respiratory Therapy,2024-12-21,Pediatric Respiratory Therapy description for healthcare purposes.
123,Hearing Aid Technician Certification,2025-07-21,Hearing Aid Technician Certification description for healthcare purposes.
124,Nutrition Assistant in Healthcare,2024-08-19,Nutrition Assistant in Healthcare description for healthcare purposes.
125,Healthcare Compliance and Regulations,2025-04-21,Healthcare Compliance and Regulations description for healthcare purposes.
126,Long-Term Care Assistant Certification,2024-11-06,Long-Term Care Assistant Certification description for healthcare purposes.
127,Behavioral Health Assistant Training,2024-11-30,Behavioral Health Assistant Training description for healthcare purposes.
128,Nutrition Therapy for Healthcare Workers,2025-08-28,Nutrition Therapy for Healthcare Workers description for healthcare purposes.
129,Psychiatric Nursing Care,2024-11-13,Psychiatric Nursing Care description for healthcare purposes.
130,Nurse Practitioner Skills,2024-09-13,Nurse Practitioner Skills description for healthcare purposes.
131,Healthcare Project Management,2025-12-05,Healthcare Project Management description for healthcare purposes.
132,Pharmacy Technician Training,2025-03-03,Pharmacy Technician Training description for healthcare purposes.
133,Orthopedic Nursing Assistant,2024-01-02,Orthopedic Nursing Assistant description for healthcare purposes.
134,Emergency Care Procedures in Rural Healthcare,2024-01-23,Emergency Care Procedures in Rural Healthcare description for healthcare purposes.
135,Eye Care Technician Certification,2024-02-11,Eye Care Technician Certification description for healthcare purposes.
136,Respiratory Disease Management,2024-01-10,Respiratory Disease Management description for healthcare purposes.
137,Dialysis Technician Training,2025-12-29,Dialysis Technician Training description for healthcare purposes.
138,Hematology Assistant Skills,2024-07-22,Hematology Assistant Skills description for healthcare purposes.
139,Physical Therapy Assistant,2025-08-21,Physical Therapy Assistant description for healthcare purposes.
140,Health and Safety for Healthcare Workers,2025-05-17,Health and Safety for Healthcare Workers description for healthcare purposes.
141,Family Medicine Nursing,2025-06-27,Family Medicine Nursing description for healthcare purposes.
142,Radiology Technician Skills,2025-08-27,Radiology Technician Skills description for healthcare purposes.
143,Clinical Pharmacist Assistant,2025-01-25,Clinical Pharmacist Assistant description for healthcare purposes.
144,Environmental Health and Safety in Healthcare,2025-09-01,Environmental Health and Safety in Healthcare description for healthcare purposes.
145,Medical Research Skills,2025-07-11,Medical Research Skills description for healthcare purposes.
146,Healthcare Fraud Prevention,2024-05-13,Healthcare Fraud Prevention description for healthcare purposes.
147,Geriatric Psychiatry Training,2024-10-16,Geriatric Psychiatry Training description for healthcare purposes.
148,Acute Care Nurse Practitioner Certification,2024-09-18,Acute Care Nurse Practitioner Certification description for healthcare purposes.
149,Elderly Patient Care Techniques,2024-09-26,Elderly Patient Care Techniques description for healthcare purposes.
150,Healthcare Facility Management,2025-04-10,Healthcare Facility Management description for healthcare purposes.
151,Patient Assessment and Diagnosis,2024-06-27,Patient Assessment and Diagnosis description for healthcare purposes.
152,Trauma Nursing Care,2025-06-29,Trauma Nursing Care description for healthcare purposes.
153,Pathology Technician Certification,2025-07-11,Pathology Technician Certification description for healthcare purposes.
154,Clinical Data Analysis for Healthcare,2024-03-20,Clinical Data Analysis for Healthcare description for healthcare purposes.
155,Emergency Medical Response Training,2025-02-08,Emergency Medical Response Training description for healthcare purposes.
156,Healthcare Marketing Skills,2024-01-02,Healthcare Marketing Skills description for healthcare purposes.
157,Medical Equipment Maintenance,2025-10-11,Medical Equipment Maintenance description for healthcare purposes.
158,Neonatal Intensive Care Unit (NICU) Training,2024-09-30,Neonatal Intensive Care Unit (NICU) Training description for healthcare purposes.
159,Healthcare Robotics Training,2024-06-05,Healthcare Robotics Training description for healthcare purposes.
160,Veterinary Surgery Assistant,2024-12-20,Veterinary Surgery Assistant description for healthcare purposes.
161,Mental Health Counseling Certification,2024-04-13,Mental Health Counseling Certification description for healthcare purposes.
162,Pharmaceutical Research and Development,2024-06-21,Pharmaceutical Research and Development description for healthcare purposes.
163,CPR and First Aid Certification,2025-03-13,CPR and First Aid Certification description for healthcare purposes.
164,Emergency Response Training,2025-08-29,Emergency Response Training description for healthcare purposes.
165,X-ray Technician Certification,2024-04-05,X-ray Technician Certification description for healthcare purposes.
166,Medical Record Keeping,2024-04-10,Medical Record Keeping description for healthcare purposes.
167,Nursing Assistant Skills,2025-03-30,Nursing Assistant Skills description for healthcare purposes.
168,Advanced Life Support (ALS) Training,2025-02-06,Advanced Life Support (ALS) Training description for healthcare purposes.
169,Pharmacy Assistant Training,2024-05-03,Pharmacy Assistant Training description for healthcare purposes.
170,Surgical Support Training,2025-02-23,Surgical Support Training description for healthcare purposes.
171,Patient Care Assistant Certification,2024-09-14,Patient Care Assistant Certification description for healthcare purposes.
172,Infection Control Training,2025-03-28,Infection Control Training description for healthcare purposes.
173,Wound Care Management,2024-11-19,Wound Care Management description for healthcare purposes.
174,Medical Equipment Handling,2025-04-05,Medical Equipment Handling description for healthcare purposes.
175,Clinical Laboratory Technician Training,2024-03-08,Clinical Laboratory Technician Training description for healthcare purposes.
176,Cardiopulmonary Resuscitation (CPR) for Healthcare Workers,2025-01-17,Cardiopulmonary Resuscitation (CPR) for Healthcare Workers description for healthcare purposes.
177,Pediatric Nursing Care,2025-12-28,Pediatric Nursing Care description for healthcare purposes.
178,Geriatric Care Training,2024-05-03,Geriatric Care Training description for healthcare purposes.
179,Blood Transfusion Safety and Procedures,2024-11-19,Blood Transfusion Safety and Procedures description for healthcare purposes.
180,Orthopedic Care Assistant,2024-06-10,Orthopedic Care Assistant description for healthcare purposes.
181,Respiratory Therapy Certification,2024-06-29,Respiratory Therapy Certification description for healthcare purposes.
182,Mental Health First Aid,2024-03-24,Mental Health First Aid description for healthcare purposes.
183,Hospital Administration Skills,2025-08-22,Hospital Administration Skills description for healthcare purposes.
184,Phlebotomy Technician Training,2025-04-28,Phlebotomy Technician Training description for healthcare purposes.
185,Patient Transportation Training,2025-11-14,Patient Transportation Training description for healthcare purposes.
186,Sterile Processing Technician Certification,2025-07-29,Sterile Processing Technician Certification description for healthcare purposes.
187,Radiology Safety Procedures,2025-08-19,Radiology Safety Procedures description for healthcare purposes.
188,Rehabilitation Assistant Training,2024-05-18,Rehabilitation Assistant Training description for healthcare purposes.
189,Physical Therapy Aide Training,2025-11-10,Physical Therapy Aide Training description for healthcare purposes.
190,Medical Billing and Coding,2025-05-10,Medical Billing and Coding description for healthcare purposes.
191,Nutrition for Healthcare Workers,2025-08-07,Nutrition for Healthcare Workers description for healthcare purposes.
192,Emergency Medical Technician (EMT) Training,2025-04-12,Emergency Medical Technician (EMT) Training description for healthcare purposes.
193,Critical Care Nursing,2024-07-16,Critical Care Nursing description for healthcare purposes.
194,Pain Management Techniques,2025-03-10,Pain Management Techniques description for healthcare purposes.
195,Audiology Assistant Training,2024-06-27,Audiology Assistant Training description for healthcare purposes.
196,Optometry Technician Certification,2025-05-25,Optometry Technician Certification description for healthcare purposes.
197,Palliative Care Training,2024-05-27,Palliative Care Training description for healthcare purposes.
198,Diabetes Management for Healthcare Providers,2025-04-12,Diabetes Management for Healthcare Providers description for healthcare purposes.
199,Emergency Room (ER) Procedures,2024-09-06,Emergency Room (ER) Procedures description for healthcare purposes.
200,Advanced Nursing Practices,2024-03-28,Advanced Nursing Practices description for healthcare purposes.
201,Childbirth Education for Healthcare Workers,2025-07-29,Childbirth Education for Healthcare Workers description for healthcare purposes.
202,Healthcare Leadership and Management Training,2024-10-12,Healthcare Leadership and Management Training description for healthcare purposes.
203,Laboratory Safety and Procedures,2024-05-23,Laboratory Safety and Procedures description for healthcare purposes.
204,Medical Ethics and Legal Responsibilities,2024-05-31,Medical Ethics and Legal Responsibilities description for healthcare purposes.
205,Patient Safety Training,2024-10-04,Patient Safety Training description for healthcare purposes.
206,Hygiene and Infection Control in Healthcare,2025-08-15,Hygiene and Infection Control in Healthcare description for healthcare purposes.
207,Behavioral Health Training,2025-09-30,Behavioral Health Training description for healthcare purposes.
208,Trauma Care and Management,2025-03-20,Trauma Care and Management description for healthcare purposes.
209,Health and Wellness Coaching,2024-09-14,Health and Wellness Coaching description for healthcare purposes.
210,End-of-Life Care Training,2025-07-25,End-of-Life Care Training description for healthcare purposes.
211,Pediatric First Aid and CPR,2024-06-18,Pediatric First Aid and CPR description for healthcare purposes.
212,Medical Research Assistant Training,2025-08-13,Medical Research Assistant Training description for healthcare purposes.
213,Healthcare Quality Assurance,2024-11-05,Healthcare Quality Assurance description for healthcare purposes.
214,Clinical Trials Management,2025-11-04,Clinical Trials Management description for healthcare purposes.
215,Cardiac Rehabilitation Training,2025-06-20,Cardiac Rehabilitation Training description for healthcare purposes.
216,Injury Prevention and Safety in Healthcare,2024-08-13,Injury Prevention and Safety in Healthcare description for healthcare purposes.
217,Healthcare IT and Data Management,2025-05-02,Healthcare IT and Data Management description for healthcare purposes.
218,Pain and Symptom Management for Healthcare Workers,2024-07-06,Pain and Symptom Management for Healthcare Workers description for healthcare purposes.
219,Community Health Training,2025-09-13,Community Health Training description for healthcare purposes.
220,Surgical Assistant Training,2024-08-31,Surgical Assistant Training description for healthcare purposes.
221,Healthcare Communication Skills,2024-11-18,Healthcare Communication Skills description for healthcare purposes.
222,Mental Health Support in Healthcare,2024-05-10,Mental Health Support in Healthcare description for healthcare purposes.
223,Health Information Management,2025-02-04,Health Information Management description for healthcare purposes.
224,Emergency Disaster Management,2024-04-24,Emergency Disaster Management description for healthcare purposes.
225,Personal Protective Equipment (PPE) Training,2024-03-04,Personal Protective Equipment (PPE) Training description for healthcare purposes.
226,Radiation Safety and Protection,2024-09-25,Radiation Safety and Protection description for healthcare purposes.
227,Anesthesia Technician Certification,2024-06-12,Anesthesia Technician Certification description for healthcare purposes.
228,Patient Advocacy Training,2024-10-05,Patient Advocacy Training description for healthcare purposes.
229,Chronic Disease Management Training,2025-06-21,Chronic Disease Management Training description for healthcare purposes.
230,Gastroenterology Assistant Training,2024-07-16,Gastroenterology Assistant Training description for healthcare purposes.
231,Dermatology Assistant Certification,2024-11-08,Dermatology Assistant Certification description for healthcare purposes.
232,Laboratory Technician Skills,2024-01-28,Laboratory Technician Skills description for healthcare purposes.
233,Ambulance Driving and Safety Training,2024-04-07,Ambulance Driving and Safety Training description for healthcare purposes.
234,Clinical Research Assistant Skills,2025-11-20,Clinical Research Assistant Skills description for healthcare purposes.
235,Maternity Care Assistant Training,2025-08-13,Maternity Care Assistant Training description for healthcare purposes.
236,Allergy and Immunology Assistant Training,2025-01-08,Allergy and Immunology Assistant Training description for healthcare purposes.
237,Speech and Language Pathology Assistant,2025-02-12,Speech and Language Pathology Assistant description for healthcare purposes.
238,Neurology Assistant Training,2024-09-04,Neurology Assistant Training description for healthcare purposes.
239,Cardiology Technician Certification,2025-12-24,Cardiology Technician Certification description for healthcare purposes.
240,Obstetric Assistant Training,2025-11-26,Obstetric Assistant Training description for healthcare purposes.
241,Veterinary Health Assistant Training,2024-04-13,Veterinary Health Assistant Training description for healthcare purposes.
242,Medical Photography Training,2025-11-21,Medical Photography Training description for healthcare purposes.
243,Genetics Counseling Certification,2025-05-11,Genetics Counseling Certification description for healthcare purposes.
244,Pharmacology for Healthcare Workers,2024-09-06,Pharmacology for Healthcare Workers description for healthcare purposes.
245,Medical Transcription Skills,2025-09-12,Medical Transcription Skills description for healthcare purposes.
246,Healthcare Legal Compliance Training,2025-01-02,Healthcare Legal Compliance Training description for healthcare purposes.
247,Inpatient Care Management,2025-09-14,Inpatient Care Management description for healthcare purposes.
248,Outpatient Services Training,2025-04-30,Outpatient Services Training description for healthcare purposes.
249,Geriatric Social Work Skills,2024-05-06,Geriatric Social Work Skills description for healthcare purposes.
250,Hematology Technician Training,2025-09-15,Hematology Technician Training description for healthcare purposes.
251,Biotechnology for Healthcare Workers,2024-08-03,Biotechnology for Healthcare Workers description for healthcare purposes.
252,Emergency Medical Dispatching,2025-03-25,Emergency Medical Dispatching description for healthcare purposes.
253,Clinical Microbiology Skills,2024-11-04,Clinical Microbiology Skills description for healthcare purposes.
254,Cytology Technician Certification,2024-10-11,Cytology Technician Certification description for healthcare purposes.
255,Endoscopy Technician Training,2024-08-28,Endoscopy Technician Training description for healthcare purposes.
256,Advanced Patient Care Certification,2024-08-13,Advanced Patient Care Certification description for healthcare purposes.
257,Nutrition Counseling for Healthcare Providers,2025-02-21,Nutrition Counseling for Healthcare Providers description for healthcare purposes.
258,Oncology Nursing Care,2024-12-10,Oncology Nursing Care description for healthcare purposes.
259,Advanced Cardiac Life Support (ACLS),2024-12-14,Advanced Cardiac Life Support (ACLS) description for healthcare purposes.
260,Burn Care Management,2025-06-29,Burn Care Management description for healthcare purposes.
261,Wound Dressing and Care,2024-11-30,Wound Dressing and Care description for healthcare purposes.
262,Post-Operative Care Certification,2024-08-26,Post-Operative Care Certification description for healthcare purposes.
263,Medical Social Worker Training,2024-08-11,Medical Social Worker Training description for healthcare purposes.
264,Clinical Nursing Education,2025-05-08,Clinical Nursing Education description for healthcare purposes.
265,Medical Assistant Skills,2024-12-14,Medical Assistant Skills description for healthcare purposes.
266,Orthotics and Prosthetics Assistant,2024-05-29,Orthotics and Prosthetics Assistant description for healthcare purposes.
267,Family Medicine Assistant Training,2025-08-29,Family Medicine Assistant Training description for healthcare purposes.
268,Radiation Oncology Certification,2025-10-18,Radiation Oncology Certification description for healthcare purposes.
269,Reproductive Health Assistant Training,2025-12-08,Reproductive Health Assistant Training description for healthcare purposes.
270,Healthcare Marketing and PR Training,2025-06-13,Healthcare Marketing and PR Training description for healthcare purposes.
271,Health Insurance for Healthcare Workers,2024-06-06,Health Insurance for Healthcare Workers description for healthcare purposes.
272,Medical Coding and Billing,2024-04-04,Medical Coding and Billing description for healthcare purposes.
273,Clinical Decision Making for Healthcare,2024-07-11,Clinical Decision Making for Healthcare description for healthcare purposes.
274,Laboratory Management Skills,2025-04-26,Laboratory Management Skills description for healthcare purposes.
275,Public Health Assistant Certification,2024-06-19,Public Health Assistant Certification description for healthcare purposes.
276,Human Resources for Healthcare Organizations,2025-06-24,Human Resources for Healthcare Organizations description for healthcare purposes.
277,Neonatal Nursing Care,2024-04-25,Neonatal Nursing Care description for healthcare purposes.
278,Substance Abuse Counseling in Healthcare,2025-08-15,Substance Abuse Counseling in Healthcare description for healthcare purposes.
279,Medical Device Sales Training,2025-10-13,Medical Device Sales Training description for healthcare purposes.
280,Alternative Medicine Practices in Healthcare,2025-01-26,Alternative Medicine Practices in Healthcare description for healthcare purposes.
281,Healthcare Financial Management,2025-02-24,Healthcare Financial Management description for healthcare purposes.
282,Chronic Pain Management,2025-05-18,Chronic Pain Management description for healthcare purposes.
283,Physical Rehabilitation Techniques,2024-01-19,Physical Rehabilitation Techniques description for healthcare purposes.
284,Pediatric Respiratory Therapy,2025-06-01,Pediatric Respiratory Therapy description for healthcare purposes.
285,Hearing Aid Technician Certification,2024-07-14,Hearing Aid Technician Certification description for healthcare purposes.
286,Nutrition Assistant in Healthcare,2024-04-08,Nutrition Assistant in Healthcare description for healthcare purposes.
287,Healthcare Compliance and Regulations,2025-11-30,Healthcare Compliance and Regulations description for healthcare purposes.
288,Long-Term Care Assistant Certification,2024-03-03,Long-Term Care Assistant Certification description for healthcare purposes.
289,Behavioral Health Assistant Training,2024-01-27,Behavioral Health Assistant Training description for healthcare purposes.
290,Nutrition Therapy for Healthcare Workers,2025-07-05,Nutrition Therapy for Healthcare Workers description for healthcare purposes.
291,Psychiatric Nursing Care,2025-08-26,Psychiatric Nursing Care description for healthcare purposes.
292,Nurse Practitioner Skills,2025-05-10,Nurse Practitioner Skills description for healthcare purposes.
293,Healthcare Project Management,2025-07-16,Healthcare Project Management description for healthcare purposes.
294,Pharmacy Technician Training,2024-05-07,Pharmacy Technician Training description for healthcare purposes.
295,Orthopedic Nursing Assistant,2025-03-09,Orthopedic Nursing Assistant description for healthcare purposes.
296,Emergency Care Procedures in Rural Healthcare,2024-08-09,Emergency Care Procedures in Rural Healthcare description for healthcare purposes.
297,Eye Care Technician Certification,2025-07-05,Eye Care Technician Certification description for healthcare purposes.
298,Respiratory Disease Management,2025-12-28,Respiratory Disease Management description for healthcare purposes.
299,Dialysis Technician Training,2025-10-26,Dialysis Technician Training description for healthcare purposes.
300,Hematology Assistant Skills,2024-01-01,Hematology Assistant Skills description for healthcare purposes.
301,Physical Therapy Assistant,2025-05-07,Physical Therapy Assistant description for healthcare purposes.
302,Health and Safety for Healthcare Workers,2024-04-25,Health and Safety for Healthcare Workers description for healthcare purposes.
303,Family Medicine Nursing,2025-10-27,Family Medicine Nursing description for healthcare purposes.
304,Radiology Technician Skills,2025-09-20,Radiology Technician Skills description for healthcare purposes.
305,Clinical Pharmacist Assistant,2024-01-04,Clinical Pharmacist Assistant description for healthcare purposes.
306,Environmental Health and Safety in Healthcare,2024-09-02,Environmental Health and Safety in Healthcare description for healthcare purposes.
307,Medical Research Skills,2024-06-10,Medical Research Skills description for healthcare purposes.
308,Healthcare Fraud Prevention,2025-03-09,Healthcare Fraud Prevention description for healthcare purposes.
309,Geriatric Psychiatry Training,2025-09-05,Geriatric Psychiatry Training description for healthcare purposes.
310,Acute Care Nurse Practitioner Certification,2025-05-31,Acute Care Nurse Practitioner Certification description for healthcare purposes.
311,Elderly Patient Care Techniques,2025-03-16,Elderly Patient Care Techniques description for healthcare purposes.
312,Healthcare Facility Management,2024-10-15,Healthcare Facility Management description for healthcare purposes.
313,Patient Assessment and Diagnosis,2025-02-25,Patient Assessment and Diagnosis description for healthcare purposes.
314,Trauma Nursing Care,2025-08-21,Trauma Nursing Care description for healthcare purposes.
315,Pathology Technician Certification,2024-06-10,Pathology Technician Certification description for healthcare purposes.
316,Clinical Data Analysis for Healthcare,2024-03-12,Clinical Data Analysis for Healthcare description for healthcare purposes.
317,Emergency Medical Response Training,2024-06-26,Emergency Medical Response Training description for healthcare purposes.
318,Healthcare Marketing Skills,2024-01-19,Healthcare Marketing Skills description for healthcare purposes.
319,Medical Equipment Maintenance,2024-11-23,Medical Equipment Maintenance description for healthcare purposes.
320,Neonatal Intensive Care Unit (NICU) Training,2024-11-03,Neonatal Intensive Care Unit (NICU) Training description for healthcare purposes.
321,Healthcare Robotics Training,2025-08-27,Healthcare Robotics Training description for healthcare purposes.
322,Veterinary Surgery Assistant,2025-03-25,Veterinary Surgery Assistant description for healthcare purposes.
323,Mental Health Counseling Certification,2025-10-17,Mental Health Counseling Certification description for healthcare purposes.
324,Pharmaceutical Research and Development,2024-10-25,Pharmaceutical Research and Development description for healthcare purposes.
325,CPR and First Aid Certification,2025-05-06,CPR and First Aid Certification description for healthcare purposes.
326,Emergency Response Training,2024-04-19,Emergency Response Training description for healthcare purposes.
327,X-ray Technician Certification,2025-07-29,X-ray Technician Certification description for healthcare purposes.
328,Medical Record Keeping,2024-03-05,Medical Record Keeping description for healthcare purposes.
329,Nursing Assistant Skills,2025-01-29,Nursing Assistant Skills description for healthcare purposes.
330,Advanced Life Support (ALS) Training,2025-08-16,Advanced Life Support (ALS) Training description for healthcare purposes.
331,Pharmacy Assistant Training,2025-04-27,Pharmacy Assistant Training description for healthcare purposes.
332,Surgical Support Training,2025-06-27,Surgical Support Training description for healthcare purposes.
333,Patient Care Assistant Certification,2025-05-13,Patient Care Assistant Certification description for healthcare purposes.
334,Infection Control Training,2024-09-16,Infection Control Training description for healthcare purposes.
335,Wound Care Management,2025-12-22,Wound Care Management description for healthcare purposes.
336,Medical Equipment Handling,2024-10-30,Medical Equipment Handling description for healthcare purposes.
337,Clinical Laboratory Technician Training,2025-10-17,Clinical Laboratory Technician Training description for healthcare purposes.
338,Cardiopulmonary Resuscitation (CPR) for Healthcare Workers,2025-12-29,Cardiopulmonary Resuscitation (CPR) for Healthcare Workers description for healthcare purposes.
339,Pediatric Nursing Care,2024-04-29,Pediatric Nursing Care description for healthcare purposes.
340,Geriatric Care Training,2025-09-13,Geriatric Care Training description for healthcare purposes.
341,Blood Transfusion Safety and Procedures,2024-08-18,Blood Transfusion Safety and Procedures description for healthcare purposes.
342,Orthopedic Care Assistant,2025-02-12,Orthopedic Care Assistant description for healthcare purposes.
343,Respiratory Therapy Certification,2025-01-12,Respiratory Therapy Certification description for healthcare purposes.
344,Mental Health First Aid,2025-03-23,Mental Health First Aid description for healthcare purposes.
345,Hospital Administration Skills,2024-08-12,Hospital Administration Skills description for healthcare purposes.
346,Phlebotomy Technician Training,2024-03-06,Phlebotomy Technician Training description for healthcare purposes.
347,Patient Transportation Training,2024-07-18,Patient Transportation Training description for healthcare purposes.
348,Sterile Processing Technician Certification,2024-05-17,Sterile Processing Technician Certification description for healthcare purposes.
349,Radiology Safety Procedures,2024-01-05,Radiology Safety Procedures description for healthcare purposes.
350,Rehabilitation Assistant Training,2024-10-20,Rehabilitation Assistant Training description for healthcare purposes.
351,Physical Therapy Aide Training,2024-05-29,Physical Therapy Aide Training description for healthcare purposes.
352,Medical Billing and Coding,2024-04-07,Medical Billing and Coding description for healthcare purposes.
353,Nutrition for Healthcare Workers,2024-08-26,Nutrition for Healthcare Workers description for healthcare purposes.
354,Emergency Medical Technician (EMT) Training,2025-04-07,Emergency Medical Technician (EMT) Training description for healthcare purposes.
355,Critical Care Nursing,2025-10-03,Critical Care Nursing description for healthcare purposes.
356,Pain Management Techniques,2024-10-22,Pain Management Techniques description for healthcare purposes.
357,Audiology Assistant Training,2024-08-20,Audiology Assistant Training description for healthcare purposes.
358,Optometry Technician Certification,2025-08-21,Optometry Technician Certification description for healthcare purposes.
359,Palliative Care Training,2025-01-08,Palliative Care Training description for healthcare purposes.
360,Diabetes Management for Healthcare Providers,2025-06-04,Diabetes Management for Healthcare Providers description for healthcare purposes.
361,Emergency Room (ER) Procedures,2025-12-02,Emergency Room (ER) Procedures description for healthcare purposes.
362,Advanced Nursing Practices,2025-04-27,Advanced Nursing Practices description for healthcare purposes.
363,Childbirth Education for Healthcare Workers,2024-11-14,Childbirth Education for Healthcare Workers description for healthcare purposes.
364,Healthcare Leadership and Management Training,2024-03-19,Healthcare Leadership and Management Training description for healthcare purposes.
365,Laboratory Safety and Procedures,2025-03-28,Laboratory Safety and Procedures description for healthcare purposes.
366,Medical Ethics and Legal Responsibilities,2025-05-25,Medical Ethics and Legal Responsibilities description for healthcare purposes.
367,Patient Safety Training,2025-04-15,Patient Safety Training description for healthcare purposes.
368,Hygiene and Infection Control in Healthcare,2025-06-25,Hygiene and Infection Control in Healthcare description for healthcare purposes.
369,Behavioral Health Training,2024-11-11,Behavioral Health Training description for healthcare purposes.
370,Trauma Care and Management,2024-07-23,Trauma Care and Management description for healthcare purposes.
371,Health and Wellness Coaching,2024-07-08,Health and Wellness Coaching description for healthcare purposes.
372,End-of-Life Care Training,2025-04-27,End-of-Life Care Training description for healthcare purposes.
373,Pediatric First Aid and CPR,2025-02-12,Pediatric First Aid and CPR description for healthcare purposes.
374,Medical Research Assistant Training,2025-08-03,Medical Research Assistant Training description for healthcare purposes.
375,Healthcare Quality Assurance,2025-07-13,Healthcare Quality Assurance description for healthcare purposes.
376,Clinical Trials Management,2025-06-27,Clinical Trials Management description for healthcare purposes.
377,Cardiac Rehabilitation Training,2024-05-17,Cardiac Rehabilitation Training description for healthcare purposes.
378,Injury Prevention and Safety in Healthcare,2024-01-23,Injury Prevention and Safety in Healthcare description for healthcare purposes.
379,Healthcare IT and Data Management,2025-04-01,Healthcare IT and Data Management description for healthcare purposes.
380,Pain and Symptom Management for Healthcare Workers,2025-03-19,Pain and Symptom Management for Healthcare Workers description for healthcare purposes.
381,Community Health Training,2025-12-27,Community Health Training description for healthcare purposes.
382,Surgical Assistant Training,2024-09-02,Surgical Assistant Training description for healthcare purposes.
383,Healthcare Communication Skills,2024-10-10,Healthcare Communication Skills description for healthcare purposes.
384,Mental Health Support in Healthcare,2025-12-23,Mental Health Support in Healthcare description for healthcare purposes.
385,Health Information Management,2025-01-11,Health Information Management description for healthcare purposes.
386,Emergency Disaster Management,2024-11-13,Emergency Disaster Management description for healthcare purposes.
387,Personal Protective Equipment (PPE) Training,2025-09-28,Personal Protective Equipment (PPE) Training description for healthcare purposes.
388,Radiation Safety and Protection,2025-12-12,Radiation Safety and Protection description for healthcare purposes.
389,Anesthesia Technician Certification,2025-08-26,Anesthesia Technician Certification description for healthcare purposes.
390,Patient Advocacy Training,2024-04-22,Patient Advocacy Training description for healthcare purposes.
391,Chronic Disease Management Training,2024-09-28,Chronic Disease Management Training description for healthcare purposes.
392,Gastroenterology Assistant Training,2024-09-05,Gastroenterology Assistant Training description for healthcare purposes.
393,Dermatology Assistant Certification,2025-11-23,Dermatology Assistant Certification description for healthcare purposes.
394,Laboratory Technician Skills,2024-02-28,Laboratory Technician Skills description for healthcare purposes.
395,Ambulance Driving and Safety Training,2025-11-28,Ambulance Driving and Safety Training description for healthcare purposes.
396,Clinical Research Assistant Skills,2025-08-02,Clinical Research Assistant Skills description for healthcare purposes.
397,Maternity Care Assistant Training,2024-07-23,Maternity Care Assistant Training description for healthcare purposes.
398,Allergy and Immunology Assistant Training,2024-02-06,Allergy and Immunology Assistant Training description for healthcare purposes.
399,Speech and Language Pathology Assistant,2024-08-08,Speech and Language Pathology Assistant description for healthcare purposes.
400,Neurology Assistant Training,2024-08-26,Neurology Assistant Training description for healthcare purposes.
