VolunteerID,ShiftID
58,230
35,335
7,273
308,112
262,252
266,124
151,146
88,383
347,216
278,354
313,321
235,154
378,72
11,108
267,223
342,137
77,229
26,254
377,350
13,330
95,390
125,13
208,267
134,345
75,277
352,158
313,87
308,219
155,135
271,328
132,2
399,266
323,109
136,301
172,56
103,380
199,177
237,316
104,52
204,139
202,358
101,135
322,149
168,310
330,256
9,286
280,273
336,186
11,246
243,241
5,171
374,154
175,201
90,251
228,203
146,30
56,365
75,235
100,328
241,267
102,99
125,110
371,13
272,129
48,146
179,337
89,34
279,262
53,337
374,5
171,82
119,282
373,189
344,153
288,338
128,367
222,145
385,41
129,350
18,86
357,217
322,98
69,317
243,204
236,165
98,362
333,116
39,47
372,373
80,335
292,84
239,99
139,250
375,136
178,116
87,96
200,113
45,337
229,18
24,314
335,337
392,63
125,320
40,123
149,39
118,42
205,47
304,318
338,329
267,125
341,357
351,151
186,56
319,180
345,327
166,96
23,56
95,301
70,6
190,300
365,161
295,362
362,272
322,236
113,80
379,190
286,398
59,127
225,150
368,217
34,201
9,117
213,32
158,96
77,171
242,86
265,51
61,172
105,346
275,101
329,81
20,149
268,223
192,112
40,234
238,237
350,140
127,211
100,114
158,64
19,296
191,259
258,178
349,198
190,34
163,17
264,221
245,226
70,234
172,254
47,250
314,185
347,139
10,188
90,68
305,231
296,182
161,375
151,163
348,201
229,110
134,376
201,277
331,148
315,289
171,34
231,48
146,206
386,178
130,118
218,203
199,208
71,297
226,100
126,232
4,14
226,374
273,296
383,37
186,157
366,353
395,11
346,146
329,331
267,356
24,369
316,379
220,24
236,377
295,36
332,85
378,299
191,64
95,276
317,78
256,211
314,143
64,297
160,103
275,328
35,99
106,150
109,323
204,313
285,368
336,41
51,228
341,156
9,348
392,378
36,194
125,141
52,138
369,92
95,127
252,321
190,108
279,293
243,370
205,353
194,96
224,384
311,25
110,273
163,136
325,36
176,322
273,245
117,25
126,244
281,365
391,264
365,211
337,149
372,116
70,321
300,347
372,125
200,180
56,395
126,230
187,335
44,277
128,20
248,183
247,215
346,346
274,339
238,175
204,271
237,286
156,230
138,191
22,388
11,248
321,56
135,265
231,400
160,209
101,370
91,362
30,355
337,265
145,351
2,140
355,17
123,39
302,10
152,340
81,298
91,101
389,42
209,84
97,242
20,306
393,12
332,145
104,147
332,154
379,95
4,325
339,40
153,286
28,300
25,231
276,389
20,45
157,32
26,366
365,79
51,41
118,40
309,184
296,65
201,331
331,193
66,286
130,60
28,3
191,146
390,117
285,311
363,20
307,357
346,187
395,52
102,235
357,196
197,225
181,366
397,363
355,119
72,50
373,325
397,390
139,76
276,267
209,186
297,317
140,95
276,114
246,351
354,24
332,274
47,123
214,120
282,273
213,21
117,233
24,5
113,199
89,241
202,29
250,204
308,276
127,124
263,143
335,311
243,182
298,127
305,261
121,189
320,160
207,121
348,69
330,66
133,37
215,335
173,91
289,293
45,180
5,363
198,367
205,263
273,290
241,356
317,95
338,392
61,254
272,227
369,150
145,24
148,160
40,69
301,101
153,373
112,94
394,319
96,244
152,157
197,308
247,175
33,75
26,8
285,39
257,206
220,166
292,182
84,153
71,61
244,370
334,282
43,209
382,349
21,316
162,175
58,374
3,20
217,227
291,185
