VolunteerID,ProjectID
258,199
93,387
252,386
108,167
46,89
388,398
184,272
250,369
140,84
362,173
201,395
372,260
199,206
226,262
127,114
271,312
80,290
105,94
289,257
157,396
296,298
200,321
80,179
321,391
113,98
44,261
271,248
90,27
253,146
378,81
378,187
234,324
324,222
373,340
82,84
24,258
370,321
175,119
120,365
103,298
228,195
192,290
56,353
138,294
341,117
204,345
388,346
268,201
7,21
67,366
87,37
378,252
64,264
121,361
7,103
17,108
46,133
278,255
212,90
18,72
42,360
383,143
254,298
279,45
230,322
259,371
43,382
311,102
293,196
296,335
259,337
32,60
26,378
229,296
349,53
205,372
99,236
367,25
273,282
245,215
100,116
214,337
169,1
210,395
275,394
381,229
353,362
383,127
226,337
191,4
32,276
75,307
223,185
224,368
360,39
242,82
318,46
28,333
11,2
251,117
198,129
346,78
148,400
51,37
201,268
128,298
260,106
242,377
338,360
394,57
339,304
60,144
252,391
340,150
332,119
19,183
216,244
234,179
173,373
206,268
268,188
379,265
160,198
128,265
235,388
211,58
186,34
105,222
191,390
88,287
9,340
42,281
328,224
43,80
319,299
38,94
40,178
367,224
262,255
147,89
29,67
389,19
128,291
237,139
145,160
233,318
45,180
216,286
41,31
226,368
5,282
257,364
229,299
38,286
371,335
334,27
377,346
199,261
180,294
247,178
345,319
238,330
108,4
295,167
4,66
157,398
189,317
269,72
190,126
393,6
210,342
321,38
84,354
303,217
349,227
86,300
32,260
357,296
299,36
232,160
314,53
385,223
259,165
159,216
53,35
45,122
69,260
252,391
190,136
88,198
118,19
156,359
262,364
358,304
167,101
363,12
390,218
390,206
294,351
199,82
43,335
357,214
248,296
115,325
113,85
103,259
12,340
154,213
393,207
196,368
61,213
259,107
267,126
96,131
204,223
326,177
200,80
46,289
53,23
217,161
337,302
71,337
379,215
191,229
201,218
272,50
201,97
387,10
198,332
362,207
186,286
241,378
246,211
210,278
365,341
349,390
48,5
252,157
369,242
207,131
226,76
189,215
311,291
126,187
339,393
254,81
312,247
312,306
245,248
390,6
63,400
40,149
127,209
149,161
220,136
153,272
389,281
351,55
107,332
88,192
108,392
278,204
141,387
393,101
60,194
199,341
1,52
38,336
84,240
308,300
295,253
74,314
369,239
209,216
257,197
115,311
44,209
187,2
367,95
359,337
130,142
134,365
17,155
22,297
19,7
366,3
301,175
89,92
71,39
257,48
348,381
181,93
240,214
218,310
214,373
282,247
129,376
17,334
338,357
6,26
397,366
261,161
346,86
165,333
269,292
91,233
266,32
188,3
332,229
382,329
9,25
42,304
272,74
139,158
226,35
385,118
191,143
245,284
1,204
340,304
357,390
166,6
382,58
143,164
272,58
333,293
253,77
235,218
238,365
30,305
193,119
134,396
367,92
3,315
36,261
355,282
369,293
59,87
360,29
324,267
325,243
230,110
17,257
393,87
370,77
19,180
245,158
170,22
361,82
133,385
74,52
55,187
49,276
179,313
228,58
281,145
111,395
299,113
177,226
158,23
327,391
191,243
143,13
139,219
347,288
44,43
39,26
30,220
102,89
219,214
307,233
213,326
98,180
54,158
253,237
221,221
343,30
51,206
296,327
11,26
234,17
7,218
163,300
267,43
48,357
229,100
315,241
147,296
38,40
46,369
360,231
350,171
202,191
217,223
31,357
36,283
206,18
149,32
164,278
64,360
