TrainingID,VolunteerID
157,271
323,323
216,260
172,6
355,220
209,284
181,252
296,113
185,131
387,267
45,191
351,130
245,17
188,388
131,44
128,54
92,116
72,386
52,268
83,183
37,165
96,389
134,257
58,140
170,61
20,200
114,198
318,8
96,161
58,316
337,298
364,18
85,349
176,342
380,91
34,371
53,19
3,42
168,196
95,311
290,80
208,324
85,20
139,334
13,385
94,97
230,327
2,281
144,178
341,374
224,376
372,31
345,245
272,333
262,262
177,252
385,265
114,159
176,121
226,4
171,173
185,365
377,179
285,178
88,116
244,221
381,93
316,81
156,292
195,53
128,1
93,88
152,229
131,289
345,357
120,270
259,135
177,118
105,82
132,150
173,186
155,163
347,17
102,91
305,143
258,69
349,153
344,93
184,60
273,199
242,311
1,263
51,14
257,26
21,149
376,175
103,100
16,356
201,147
203,161
69,344
370,51
303,63
131,289
327,339
144,113
52,365
15,323
384,150
147,124
373,195
51,385
1,171
259,92
399,322
214,249
329,63
269,297
40,196
62,166
139,275
21,56
133,132
340,73
76,102
209,363
367,228
5,65
329,102
54,23
184,282
242,210
293,375
168,54
66,19
93,196
246,21
168,375
120,255
109,50
192,128
171,155
120,132
40,58
224,237
146,311
211,100
178,278
231,308
30,90
59,175
329,332
14,110
251,339
380,212
286,188
251,165
254,290
75,301
144,42
356,198
276,105
61,270
53,188
155,90
56,104
361,34
206,147
53,91
252,151
224,388
126,350
2,222
50,388
224,167
321,313
196,224
44,278
253,400
393,168
52,62
192,116
353,71
167,80
289,215
66,120
279,395
288,361
299,260
101,35
65,284
152,199
8,295
126,191
198,209
253,154
38,13
1,369
45,95
379,64
160,94
57,32
277,35
376,128
352,399
94,179
99,238
169,62
203,44
159,171
365,95
385,105
56,328
96,391
19,19
367,144
102,330
189,202
143,115
262,5
375,2
346,317
139,180
87,296
317,40
116,189
270,344
235,251
203,348
347,70
61,166
140,254
56,209
168,276
295,313
324,231
399,361
132,302
213,25
195,308
96,106
111,223
372,368
17,385
163,192
386,173
245,289
179,89
379,111
192,19
368,148
197,119
383,77
349,148
359,399
365,231
4,337
39,142
120,368
56,125
29,279
253,304
335,369
259,191
256,233
3,173
195,263
12,350
301,315
18,387
62,243
13,23
105,108
269,65
382,256
294,119
287,84
261,137
17,25
352,62
260,135
64,247
144,300
174,226
10,381
235,76
129,104
121,323
361,159
367,67
64,283
394,63
79,397
285,47
351,348
228,217
141,321
359,307
349,228
40,1
1,19
376,313
207,72
329,198
81,86
335,321
317,292
18,261
185,363
366,337
199,278
48,68
251,35
180,289
328,295
221,42
293,113
23,373
105,53
369,238
230,138
15,233
16,97
48,23
180,296
245,388
53,153
75,267
183,17
159,180
29,69
82,263
345,84
342,86
237,277
353,347
228,380
212,34
35,20
59,295
371,120
369,255
209,189
269,109
72,372
127,363
352,31
183,32
247,282
47,149
396,333
252,135
398,70
35,12
328,33
308,347
19,325
107,169
171,299
324,217
371,256
293,117
48,18
277,225
236,180
385,245
206,232
350,136
300,80
277,202
164,356
365,215
55,238
146,386
381,135
24,252
205,288
106,311
154,236
321,164
393,59
234,256
334,345
167,254
373,74
182,252
42,119
48,375
125,270
59,137
207,64
112,313
300,122
60,18
186,119
362,66
288,87
379,75
76,112
214,205
