VolunteerID,FirstName,LastName,PhoneNumber,Email,Skill,ManagerID,VolunteerTypeID
1,Malinda,Feuell,337-996-9170,mfeuell0@foxnews.com,Patient Transport,286,277
2,Jsandye,Abrey,161-953-4401,jabrey1@163.com,Reception Assistance,47,99
3,Sianna,Mees,565-556-2194,smees2@illinois.edu,Emergency Room Support,369,63
4,Rachelle,Glendzer,721-370-5373,rglendzer3@pcworld.com,Pediatric Ward Assistance,376,177
5,Ryan,Lahiff,976-944-9691,rlahiff4@wikispaces.com,Elderly Care Support,284,262
6,Nichol,Vitet,962-278-9877,nvitet5@who.int,Surgical Waiting Room Guide,38,11
7,Muffin,Zavattieri,259-484-1159,mzavattieri6@about.com,Cancer Patient Support,123,165
8,Prescott,Sifleet,982-410-6960,psifleet7@mapy.cz,Mental Health Companion,191,108
9,Cassandre,Rene,564-446-0782,crene8@ning.com,Physical Therapy Aid,381,15
10,Mateo,Trass,241-214-7949,mtrass9@washington.edu,Art Therapy Volunteer,10,367
11,Claudian,Flewan,996-852-5098,cflewana@unesco.org,Music Therapy Assistant,164,353
12,Judy,McConway,656-586-8911,jmcconwayb@google.fr,Playroom Supervision,167,304
13,Theodor,Smallshaw,883-974-3673,tsmallshawc@latimes.com,Waiting Room Hospitality,360,255
14,Terrel,Lawrence,427-797-3539,tlawrenced@apache.org,ICU Family Support,130,388
15,Kellsie,Pumphreys,153-331-2245,kpumphreyse@narod.ru,Bereavement Support,354,39
16,Zackariah,Byrch,358-174-9937,zbyrchf@behance.net,Blood Bank Assistant,55,332
17,Carmelia,Syphas,258-816-0937,csyphasg@g.co,Lab Sample Courier,19,171
18,Michaella,Saker,492-138-2029,msakerh@redcross.org,Pharmacy Support,210,64
19,Sabrina,Cham,961-901-9363,schami@adobe.com,Wheelchair Assistance,12,179
20,Kay,Yankin,703-574-6788,kyankinj@simplemachines.org,Medical Records Organization,387,287
21,Giovanna,Mackett,554-520-1374,gmackettk@tripod.com,Pediatric Play Therapy,183,297
22,Blake,Bernaert,274-526-8192,bbernaertl@imdb.com,Clerical Support,212,399
23,Keary,Knowlman,743-270-3730,kknowlmanm@networksolutions.com,Spiritual Care,214,128
24,Madelyn,Garrit,123-641-2888,mgarritn@fotki.com,Library Cart Volunteer,186,32
25,Walden,Bockman,976-227-5841,wbockmano@microsoft.com,Gift Shop Helper,274,164
26,Guenna,Buff,992-286-4618,gbuffp@phoca.cz,Therapy Animal Handler,166,106
27,Elizabet,Scading,631-168-1319,escadingq@jiathis.com,Food Delivery for Patients,243,52
28,Adah,Rothchild,178-876-5994,arothchildr@cbc.ca,Language Interpretation,361,271
29,Henry,Oaks,353-184-3398,hoakss@technorati.com,Chaplaincy Assistance,380,339
30,Wilmar,Castard,671-761-0496,wcastardt@indiegogo.com,Dental Clinic Helper,92,106
31,Jaynell,Paradine,588-371-4913,jparadineu@mapquest.com,Physiotherapy Support,86,101
32,Lotta,Pointon,986-615-7022,lpointonv@dell.com,Hospice Volunteer,344,268
33,Thorsten,Herety,228-243-5307,theretyw@google.com.hk,Family Liaison,303,268
34,Rivi,Drew-Clifton,761-538-5296,rdrewcliftonx@geocities.com,Pre-Op Companion,193,319
35,Nefen,Elcum,382-508-1711,nelcumy@sina.com.cn,Recovery Room Support,294,67
36,Giffie,Klausewitz,495-729-5691,gklausewitzz@soup.io,Vision Screening Helper,238,240
37,Darcee,Laurence,838-589-1436,dlaurence10@booking.com,Neonatal ICU Support,227,48
38,Cal,Veare,551-134-4876,cveare11@skyrock.com,Health Education Volunteer,263,57
39,Dav,Crawshaw,584-648-3635,dcrawshaw12@amazonaws.com,Nutrition Counseling Assistant,154,347
40,Husain,Chatt,562-804-1600,hchatt13@abc.net.au,Hand Hygiene Advocate,372,175
41,Lauraine,Wicklen,828-962-8406,lwicklen14@ucla.edu,Community Health Outreach,296,233
42,Griz,Davidwitz,243-221-8929,gdavidwitz15@bloomberg.com,Flu Shot Clinic Helper,339,215
43,Coriss,Treen,333-947-4559,ctreen16@webmd.com,Diabetes Education Support,5,226
44,Clarinda,Vere,178-456-1847,cvere17@yellowbook.com,Stroke Recovery Assistant,27,382
45,Robby,Valeri,190-782-2962,rvaleri18@msn.com,Patient Surveys and Feedback,88,79
46,Roselin,Teodori,884-356-1295,rteodori19@answers.com,Pain Management Support,348,233
47,Margarette,Dalinder,641-488-6556,mdalinder1a@pen.io,Rehabilitation Therapy Assistant,178,44
48,Krystle,Davisson,969-696-6087,kdavisson1b@mit.edu,Home Care Coordination,66,183
49,Ulick,D' Angelo,916-207-4480,udangelo1c@un.org,Organ Donation Awareness,346,371
50,Hilly,Maplethorpe,941-621-3796,hmaplethorpe1d@free.fr,Occupational Therapy Helper,116,298
51,Farly,Raecroft,110-205-2943,fraecroft1e@businesswire.com,Infant Care Volunteer,296,122
52,Tressa,Rekes,920-160-1577,trekes1f@google.ca,Blood Pressure Screening,181,180
53,Imelda,Lambin,727-139-6933,ilambin1g@house.gov,Oncology Ward Companion,26,180
54,Base,Corro,941-473-6874,bcorro1h@cbslocal.com,Child Life Specialist Assistant,205,229
55,Gloriane,Winfindine,821-473-3032,gwinfindine1i@w3.org,Elderly Mobility Support,343,128
56,Lionel,Tortoishell,866-612-3445,ltortoishell1j@samsung.com,Bereavement Counseling,263,236
57,Octavius,Portis,202-316-3614,oportis1k@biglobe.ne.jp,Prosthetics and Orthotics Helper,165,227
58,Arline,Rettie,232-772-3237,arettie1l@google.com,Hygiene Kit Distribution,122,187
59,Sean,Dowling,512-511-3522,sdowling1m@pinterest.com,COVID-19 Testing Support,151,339
60,Roseanne,Potkins,164-633-9932,rpotkins1n@tripadvisor.com,Vaccination Center Volunteer,383,370
61,Loria,Deary,775-143-8685,ldeary1o@indiatimes.com,Waiting Room Storytelling,23,151
62,Harli,Cordingly,793-227-8171,hcordingly1p@so-net.ne.jp,Post-Surgery Rehabilitation Aid,4,379
63,Ursola,McCarrell,345-826-9429,umccarrell1q@flickr.com,Charity Fundraising,347,190
64,Blythe,Windeatt,305-471-6591,bwindeatt1r@angelfire.com,Volunteer Trainer,18,201
65,Blondell,Dyball,525-982-7877,bdyball1s@istockphoto.com,Community Health Events,229,282
66,Eamon,Scarce,147-897-0173,escarce1t@nytimes.com,End-of-Life Support,300,379
67,Niels,Billett,977-634-7214,nbillett1u@yellowbook.com,Meditation & Mindfulness Coaching,155,264
68,Eirena,Bertolaccini,803-362-7419,ebertolaccini1v@census.gov,Grief Counseling,18,324
69,Flor,Bohey,787-981-6007,fbohey1w@weebly.com,Neurology Clinic Helper,158,163
70,Stanley,Skirvin,261-493-2681,sskirvin1x@smh.com.au,Nutrition Program Assistant,202,38
71,Monroe,Blaxland,217-487-7542,mblaxland1y@yahoo.co.jp,Social Work Support,268,43
72,Callie,Wren,977-437-1203,cwren1z@prlog.org,Prenatal Education Support,30,133
73,Tome,Dur,698-725-2982,tdur20@sogou.com,Hospital Gardening Volunteer,178,103
74,Iain,Minshaw,579-402-2170,iminshaw21@cmu.edu,Sensory Room Volunteer,200,144
75,Corella,Simnel,558-190-7645,csimnel22@tumblr.com,Public Health Research,269,69
76,Inglebert,Sheppey,334-660-7589,isheppey23@hp.com,Cancer Awareness Educator,74,222
77,Rip,Twigg,601-845-6514,rtwigg24@creativecommons.org,Genetic Counseling Assistant,192,334
78,Shaylyn,Lock,140-506-2827,slock25@ted.com,Hearing Screening Helper,242,146
79,Philis,Antonescu,768-993-0806,pantonescu26@behance.net,Home Visit Coordination,254,303
80,Jammie,Anthonsen,767-586-3409,janthonsen27@mail.ru,Emergency Preparedness Educator,59,394
81,Eugenio,Purnell,940-225-8280,epurnell28@addtoany.com,Family Counseling Assistant,78,262
82,Bidget,Donnellan,651-364-8013,bdonnellan29@xing.com,Disability Support,249,296
83,Lebbie,Geare,370-296-2542,lgeare2a@washington.edu,Pet Therapy Coordinator,2,158
84,Angil,Clemencet,822-989-5089,aclemencet2b@slideshare.net,Volunteer Coordinator Assistant,248,124
85,Meir,Bowmen,270-890-4419,mbowmen2c@google.com,Ambulance Support Volunteer,270,190
86,Skelly,Highnam,418-584-3422,shighnam2d@goo.gl,Disaster Relief Planning,250,343
87,Valma,Lochran,620-237-6703,vlochran2e@abc.net.au,Data Entry for Medical Research,76,229
88,Kinna,Bugdale,423-663-1720,kbugdale2f@over-blog.com,Breastfeeding Support,185,310
89,Antoni,Rathbone,563-875-7204,arathbone2g@biglobe.ne.jp,Prenatal Yoga Coach,45,371
90,Alard,Gillani,308-406-6346,agillani2h@yale.edu,Domestic Violence Support,237,132
91,Barty,Hovey,284-397-7823,bhovey2i@addthis.com,Wheelchair Maintenance,385,34
92,Walden,Rault,173-686-9249,wrault2j@gravatar.com,Heart Disease Awareness,47,22
93,Annemarie,Domanek,705-924-6203,adomanek2k@disqus.com,Dialysis Center Assistant,345,340
94,Marc,Heijne,669-492-5305,mheijne2l@irs.gov,Infant Massage Therapy,212,1
95,Randi,Egdal,770-873-2842,regdal2m@blogtalkradio.com,Senior Companion,203,376
96,Jolyn,Folca,802-815-2278,jfolca2n@reverbnation.com,Home Rehabilitation Assistance,215,138
97,Glenna,Kelsey,397-803-2695,gkelsey2o@cpanel.net,Cognitive Therapy Support,305,319
98,Enos,Eake,422-348-3677,eeake2p@jugem.jp,Crisis Hotline Support,242,317
99,Lucias,Bocken,561-528-4131,lbocken2q@reddit.com,Preventative Care Advocate,173,320
100,Lewie,Pemberton,339-926-9514,lpemberton2r@blogs.com,Patient Wellbeing Surveys,224,243
101,Rina,Jiggen,750-918-9768,rjiggen2s@google.ru,Meditation for Pain Relief,285,35
102,Edlin,Restill,709-287-5048,erestill2t@wsj.com,Reflexology Assistant,187,145
103,Ives,Brearley,498-843-0935,ibrearley2u@sciencedaily.com,Newborn Care Volunteer,322,257
104,Jaymee,Govern,627-636-1535,jgovern2v@studiopress.com,Peer Support Groups,185,108
105,Cedric,Roelofsen,586-691-8348,croelofsen2w@npr.org,Postpartum Support,28,326
106,Juditha,Leckenby,231-839-6835,jleckenby2x@gmpg.org,Smoking Cessation Coaching,221,61
107,Misti,Hallward,701-706-3979,mhallward2y@csmonitor.com,Virtual Health Assistant,329,262
108,Clea,Meredyth,156-914-4400,cmeredyth2z@mac.com,Pediatric Feeding Therapy,120,338
109,Alonzo,Rosiello,454-636-7325,arosiello30@europa.eu,Hospice Music Therapy,353,45
110,Brewer,Guislin,851-543-7113,bguislin31@pagesperso-orange.fr,Geriatric Fitness Coaching,364,103
111,Itch,Maryin,748-257-5783,imaryin32@foxnews.com,Dementia Support Volunteer,105,259
112,Malvina,Romeo,387-137-6769,mromeo33@issuu.com,Chronic Illness Peer Support,329,278
113,Shepard,Farady,103-468-3766,sfarady34@bbb.org,Volunteer Chaplaincy,312,353
114,Lian,Hall,389-434-7985,lhall35@php.net,Healthcare Advocacy,209,20
115,Bethena,Flint,283-984-4685,bflint36@trellian.com,Children's Oncology Volunteer,369,189
116,Reiko,McIlwaine,888-925-0529,rmcilwaine37@google.cn,Family Support for Terminally Ill,289,25
117,Glory,Eisak,293-507-2120,geisak38@ning.com,Handwriting Therapy Volunteer,71,336
118,Darrelle,Labet,927-821-0261,dlabet39@samsung.com,Public Health Lectures,276,311
119,Janessa,Wilcox,280-760-6702,jwilcox3a@globo.com,AIDS/HIV Support,238,170
120,Brice,Schaumann,260-133-9856,bschaumann3b@smh.com.au,Hygiene Awareness Programs,145,348
121,Meredith,Bywater,288-543-7225,mbywater3c@economist.com,Maternity Ward Assistant,94,88
122,Norrie,Frostick,304-852-3242,nfrostick3d@google.com,Palliative Care Support,248,385
123,Pauly,Deinert,567-588-8561,pdeinert3e@weibo.com,Therapeutic Storytelling,169,97
124,Abigale,Althorpe,642-877-2766,aalthorpe3f@sun.com,Patient Rights Advocacy,323,398
125,Ree,Blandamere,490-936-5330,rblandamere3g@economist.com,CPR & First Aid Trainer,312,112
126,Rikki,Bolte,717-212-7386,rbolte3h@simplemachines.org,Ergonomics Education,161,237
127,Jarret,McGee,756-727-6553,jmcgee3i@soundcloud.com,Social Media for Health Campaigns,336,309
128,Horten,Oldroyde,692-186-7143,holdroyde3j@youtu.be,Support for Hospitalized Veterans,363,17
129,Nelle,Hails,629-480-7940,nhails3k@ucla.edu,Organ Transplant Support,125,90
130,Florentia,Claydon,287-563-6903,fclaydon3l@npr.org,Adolescent Health Mentor,384,376
131,Frank,Scarffe,158-144-8853,fscarffe3m@oaic.gov.au,Community Nutrition Coach,25,363
132,Cilka,Chillcot,124-924-5081,cchillcot3n@goo.gl,Breast Cancer Screening Support,140,293
133,Fletcher,Hanner,954-501-1798,fhanner3o@forbes.com,Physical Activity Coach,143,257
134,Eustace,Richardeau,458-637-7873,erichardeau3p@skyrock.com,Caregiver Respite Support,262,353
135,Chip,Simoens,722-336-1445,csimoens3q@usgs.gov,Mental Wellness Hotline,335,117
136,Margaretta,Wanka,235-649-7054,mwanka3r@paginegialle.it,Trauma Recovery Support,43,71
137,Bethany,Torfin,901-743-3017,btorfin3s@pen.io,Rehabilitation Games Facilitator,292,100
138,Chane,Shippey,811-199-4968,cshippey3t@merriam-webster.com,Sensory Integration Therapy,58,219
139,Hort,Eads,136-700-4988,heads3u@edublogs.org,Accessibility Advocacy,71,85
140,Northrup,Grestie,227-352-8859,ngrestie3v@wikispaces.com,Therapy Dogs Volunteer,130,200
141,Jolee,Lidgerton,755-787-8263,jlidgerton3w@furl.net,Chaplain Services,89,87
142,Emmy,Wands,598-152-4476,ewands3x@accuweather.com,Genetic Testing Counselor,347,176
143,Leland,Fosh,187-351-5444,lfosh3y@over-blog.com,Cancer Rehabilitation Support,90,103
144,Bond,Magarrell,816-541-0725,bmagarrell3z@baidu.com,Stroke Prevention Education,236,133
145,Hatty,Dowle,201-821-8682,hdowle40@xrea.com,Grief Support Groups,231,291
146,Davita,Smaile,804-954-8044,dsmaile41@hexun.com,Patient Empowerment Programs,90,362
147,Dode,Bollon,445-684-8122,dbollon42@google.it,Post-Surgical Home Care,120,41
148,Noemi,Gittins,881-154-3525,ngittins43@reverbnation.com,Smoking Awareness Campaigns,209,20
149,Kendre,Stothard,354-421-8982,kstothard44@buzzfeed.com,Hospital Equipment Organizer,310,195
150,Ketty,Bosden,733-622-5455,kbosden45@chicagotribune.com,Care Plan Navigator,117,18
151,Nataniel,Chrishop,309-500-1701,nchrishop46@thetimes.co.uk,Speech Therapy Assistant,353,44
152,Greta,Kordova,997-568-2891,gkordova47@domainmarket.com,Allergy Education Volunteer,55,156
153,Charmane,McGrae,737-129-2653,cmcgrae48@hhs.gov,Endocrinology Clinic Support,295,22
154,Arte,Drieu,618-168-2575,adrieu49@mozilla.org,Holistic Medicine Volunteer,368,106
155,Randell,MacCarrane,665-902-9816,rmaccarrane4a@statcounter.com,Herbal Therapy Educator,335,316
156,Sydel,Pacheco,534-448-5467,spacheco4b@fema.gov,Preventative Screenings,169,316
157,Willamina,McConachie,486-214-9199,wmcconachie4c@europa.eu,Pediatric Orthopedics Helper,51,370
158,Ferdinanda,Rault,872-646-1718,frault4d@github.com,Psychological First Aid,198,55
159,Anders,Francklyn,318-497-6646,afrancklyn4e@washingtonpost.com,Functional Medicine Educator,330,73
160,Bay,Lillecrop,861-221-2251,blillecrop4f@columbia.edu,Public Health Volunteer,15,117
161,Cornelius,Aldin,833-710-6053,caldin4g@cam.ac.uk,Geriatric Nutritionist,371,237
162,Elly,Levington,710-852-3619,elevington4h@tumblr.com,Oncology Massage Therapy,249,195
163,Eli,Wynne,988-755-9682,ewynne4i@amazon.co.jp,Chronic Pain Support,36,102
164,Stevana,Van der Baaren,722-563-9756,svanderbaaren4j@vimeo.com,Speech & Language Screening,374,47
165,Ced,Connelly,386-890-5826,cconnelly4k@spiegel.de,Concussion Awareness Educator,383,379
166,Nessie,Maha,760-702-9754,nmaha4l@com.com,Cognitive Behavioral Therapy Aid,364,177
167,Skylar,Primarolo,891-327-1378,sprimarolo4m@t-online.de,Infant CPR Trainer,153,291
168,Rod,Belchambers,933-160-0914,rbelchambers4n@state.tx.us,Family Medical Advocacy,348,133
169,Marieann,Peschet,150-170-4417,mpeschet4o@instagram.com,Cancer Survivorship Coaching,233,52
170,Anatole,Kernoghan,947-332-0505,akernoghan4p@army.mil,Domestic Abuse Awareness,266,200
171,Lettie,Chin,175-545-6660,lchin4q@pbs.org,Handwashing Awareness Campaign,56,228
172,Delcina,Alexander,837-801-6582,dalexander4r@fotki.com,Neurological Support Groups,298,23
173,Rubie,Woodson,186-297-6470,rwoodson4s@boston.com,Art for Healing Programs,139,367
174,Ikey,Clorley,287-887-6696,iclorley4t@goo.gl,Patient Peer Mentorship,299,293
175,Allyn,Pittway,250-310-5864,apittway4u@google.pl,Substance Abuse Support,15,328
176,Griffith,Easman,865-879-8270,geasman4v@liveinternet.ru,Mental Health Screening Clinics,191,309
177,Marylynne,Mocher,352-188-4506,mmocher4w@icio.us,Blood Sugar Testing Support,153,83
178,Jessi,Glendzer,953-268-1574,jglendzer4x@nationalgeographic.com,Physical Fitness for Seniors,218,132
179,Archambault,Whittall,984-905-2417,awhittall4y@live.com,Medical Conference Assistance,263,298
180,Rayner,Matuszinski,112-631-4110,rmatuszinski4z@fema.gov,Healthcare Research Volunteer,235,342
181,Otto,Schafer,778-815-1099,oschafer50@reverbnation.com,Youth Health Awareness,45,209
182,Andy,Kiessel,769-637-1704,akiessel51@i2i.jp,Stress Management for Patients,60,304
183,Bartholomeus,Stitfall,509-162-3504,bstitfall52@nsw.gov.au,Autism Support,90,392
184,Phillida,Bust,781-597-9911,pbust53@altervista.org,Crisis Intervention,193,152
185,Britni,Utridge,879-294-4082,butridge54@ezinearticles.com,Burn Unit Volunteer,160,176
186,Kaile,Hanne,483-602-1813,khanne55@forbes.com,Alzheimer's Care Support,116,396
187,Kiley,Symon,340-320-7505,ksymon56@howstuffworks.com,Brain Injury Support,282,309
188,Marius,Paskell,828-810-6867,mpaskell57@webnode.com,Ergonomic Training,52,268
189,Franky,Bernardoni,404-440-7621,fbernardoni58@csmonitor.com,Refugee Health Assistance,6,264
190,Taryn,Astlett,633-501-9497,tastlett59@constantcontact.com,Respiratory Therapy Assistant,57,291
191,Katie,Girling,478-569-5163,kgirling5a@state.gov,PTSD Support Volunteer,388,372
192,Faustina,Leydon,596-978-6696,fleydon5b@ft.com,Suicide Prevention Hotlines,281,279
193,Nerti,Pittway,236-403-1097,npittway5c@upenn.edu,Clinical Trial Patient Support,270,368
194,Alberto,Bierton,788-695-4204,abierton5d@hud.gov,Diabetes Peer Support,64,341
195,Atlante,Philipp,691-967-1550,aphilipp5e@gizmodo.com,Men’s Health Education,308,337
196,Mame,Border,496-145-4306,mborder5f@mtv.com,Women’s Health Awareness,282,249
197,Milty,Lattimer,587-730-8803,mlattimer5g@myspace.com,Prenatal Nutrition Coaching,68,315
198,Abraham,Marlon,260-190-8259,amarlon5h@yellowbook.com,Dermatology Clinic Support,390,283
199,Jessy,Oldam,216-913-6410,joldam5i@about.me,Pediatric Neurology Helper,283,141
200,Cynde,Gainor,604-900-4804,cgainor5j@who.int,Patient Navigator,389,343
201,Dwain,Tomenson,208-916-4282,dtomenson5k@rakuten.co.jp,Mental Health Crisis Responder,109,388
202,Taddeusz,Vynall,811-444-1010,tvynall5l@soundcloud.com,Cardiology Clinic Volunteer,110,107
203,Calhoun,Canon,236-929-7143,ccanon5m@nytimes.com,Exercise Therapy Assistant,115,367
204,Gerhardt,Wetherill,353-214-2112,gwetherill5n@trellian.com,Wound Care Support,31,215
205,Hunfredo,Titherington,368-912-5793,htitherington5o@usatoday.com,Virtual Patient Support,260,26
206,Fleurette,Dormer,766-710-9889,fdormer5p@google.cn,Support for Rare Diseases,59,14
207,Maye,Calfe,596-954-4069,mcalfe5q@fc2.com,Cultural Health Advocacy,61,73
208,Gertrude,Ricardon,451-730-4875,gricardon5r@networkadvertising.org,Nutrition Planning for Chronic Illness,232,150
209,Milicent,Caress,534-133-0917,mcaress5s@ustream.tv,Aging-in-Place Volunteer,221,251
210,Penny,Zannuto,971-519-5375,pzannuto5t@sfgate.com,Virtual Medical Scribing,195,164
211,Fairleigh,Rudledge,409-377-6393,frudledge5u@netscape.com,Burn Survivor Peer Support,253,35
212,Fernandina,Flanagan,692-438-7930,fflanagan5v@wikipedia.org,Bilingual Health Educator,94,380
213,Madalena,Flaherty,212-624-1232,mflaherty5w@washingtonpost.com,Behavioral Therapy Assistant,142,132
214,Ruddie,Screase,624-275-3821,rscrease5x@squarespace.com,Deaf and Hard-of-Hearing Support,75,281
215,Britta,Ninnis,452-972-3262,bninnis5y@123-reg.co.uk,Vision Impairment Aid,353,232
216,Gill,Huggard,506-370-2582,ghuggard5z@lycos.com,Preventative Health Coaching,118,264
217,Fabian,Olliar,435-413-0574,folliar60@google.com.br,Neurodiversity Awareness,70,264
218,Fidole,Willingham,393-963-9742,fwillingham61@dion.ne.jp,Post-Traumatic Growth Coaching,52,332
219,Toby,Zorzini,397-866-8185,tzorzini62@scientificamerican.com,Body Positivity in Healthcare,105,142
220,Wildon,Blazy,171-537-3799,wblazy63@mayoclinic.com,Disability Rights Awareness,288,14
221,Beitris,Goulthorp,860-798-2982,bgoulthorp64@fastcompany.com,Kidney Transplant Coordination,131,141
222,Say,McCanny,175-863-4010,smccanny65@google.de,Anemia Awareness Support,343,133
223,Chrystel,Cumber,967-674-4678,ccumber66@geocities.jp,Surgical Recovery Assistance,178,260
224,Fina,Uzelli,908-197-0617,fuzelli67@youtu.be,Postpartum Doula Support,225,35
225,Euphemia,Cudmore,167-939-8778,ecudmore68@paypal.com,Chemotherapy Infusion Center Volunteer,323,127
226,Hammad,Papen,150-682-0608,hpapen69@cbslocal.com,Speech Impairment Support,174,113
227,Adolph,Tumielli,530-511-5126,atumielli6a@chronoengine.com,Balance & Fall Prevention,186,163
228,Carrissa,Boundey,468-586-2683,cboundey6b@bigcartel.com,Clinical Nutrition Research,225,257
229,Lishe,Fearn,369-889-1512,lfearn6c@youku.com,Teen Mental Health Advocate,343,13
230,Lorine,Gaggen,475-423-7425,lgaggen6d@mtv.com,Support Groups for Rare Disorders,302,180
231,Audre,Olivera,474-250-4416,aolivera6e@cnbc.com,Transgender Healthcare Advocate,133,255
232,Ardelia,Grouse,671-630-2099,agrouse6f@smugmug.com,Breastfeeding Peer Counselor,267,357
233,Larry,Redmire,945-187-7575,lredmire6g@google.ru,Hearing Loss Prevention,381,110
234,Leonardo,Binton,261-385-0092,lbinton6h@seesaa.net,Alternative Therapy Guide,367,4
235,Kizzie,Odo,277-260-5544,kodo6i@booking.com,Emergency Disaster Response Training,168,287
236,Papagena,Fermor,891-408-9933,pfermor6j@jiathis.com,Chronic Fatigue Syndrome Awareness,133,39
237,Rheba,Carding,452-511-3798,rcarding6k@prnewswire.com,Home Health Care Assistance,369,196
238,Brook,Chasmoor,962-435-2044,bchasmoor6l@bizjournals.com,Workplace Health & Safety Trainer,13,360
239,Hilary,Willman,858-517-4523,hwillman6m@opensource.org,High-Risk Pregnancy Support,128,244
240,Rafaela,Toffts,760-258-2344,rtoffts6n@dmoz.org,Pulmonary Rehabilitation Assistant,1,38
241,Ewell,Monteath,727-295-0878,emonteath6o@pbs.org,Pediatric Chronic Disease Support,25,100
242,Eleonora,Wagge,392-165-8371,ewagge6p@printfriendly.com,Emergency Shelter Medical Aid,98,153
243,Elisabet,Collingdon,317-323-5100,ecollingdon6q@independent.co.uk,Acupuncture for Cancer Patients,291,255
244,Brander,Gripton,150-242-7412,bgripton6r@skyrock.com,Animal-Assisted Therapy in Hospitals,393,398
245,Currey,Kuhnel,109-699-6257,ckuhnel6s@ezinearticles.com,Cancer Prevention Educator,171,7
246,Fransisco,Britian,869-905-7023,fbritian6t@wordpress.org,Virtual Mental Health Peer Support,3,373
247,Deirdre,Arch,323-400-2428,darch6u@mozilla.org,Family Planning Support,199,206
248,Cherice,Gauch,158-309-9623,cgauch6v@twitpic.com,Spinal Cord Injury Peer Support,379,233
249,Kacey,Kleinzweig,112-448-7355,kkleinzweig6w@aol.com,LGBTQ+ Health Advocacy,342,325
250,Judah,Redemile,426-972-3457,jredemile6x@chronoengine.com,Athletic Therapy Volunteer,285,118
251,Niki,O'Devey,865-939-3859,nodevey6y@ebay.co.uk,Acupressure Therapy Educator,388,120
252,Winny,Devas,360-388-1844,wdevas6z@delicious.com,Integrated Healthcare Coordination,87,238
253,Jamison,Wooton,812-527-3219,jwooton70@disqus.com,Pediatric Rehabilitation,40,352
254,Casper,Sabine,997-584-7748,csabine71@pinterest.com,Diabetes Meal Planning Support,293,191
255,Lucho,Drysdell,408-399-6395,ldrysdell72@psu.edu,Sleep Hygiene Education,338,357
256,Rowe,Lefeuvre,900-138-5475,rlefeuvre73@forbes.com,Energy Healing Educator,278,63
257,Giustina,Barabich,423-109-6072,gbarabich74@usgs.gov,Physical Disability Advocacy,175,135
258,Tull,Derby,817-758-7497,tderby75@oaic.gov.au,Health Literacy Program,299,309
259,Tandi,Fairbrace,618-965-8170,tfairbrace76@state.gov,Online Support for Isolated Patients,259,257
260,Annalee,Bernolet,849-916-7261,abernolet77@chron.com,Cross-Cultural Health Educator,97,30
261,Bertie,O'Brallaghan,978-351-2877,bobrallaghan78@google.com.br,Clinical Ethics Committee Volunteer,265,343
262,Mariellen,Senecaux,585-585-0088,msenecaux79@rambler.ru,Digestive Health Awareness,357,193
263,Helena,Ruler,845-832-0864,hruler7a@dmoz.org,Occupational Health & Safety Educator,286,383
264,Whitney,Elnough,807-126-1138,welnough7b@google.it,Microbiome Research Support,308,32
265,Yolanda,Souttar,711-604-7179,ysouttar7c@princeton.edu,Traditional Medicine Awareness,55,17
266,Janos,Edgecumbe,667-708-0633,jedgecumbe7d@xing.com,Behavioral Health Coaching,209,260
267,Maje,Andrys,707-231-8705,mandrys7e@pinterest.com,Cognitive Rehabilitation,357,314
268,Natasha,Grinvalds,607-117-5855,ngrinvalds7f@stumbleupon.com,Community Mental Health Speaker,291,307
269,Fidelia,Blackstone,910-592-0201,fblackstone7g@economist.com,Disability Employment Support,171,365
270,Dorey,Crocetto,352-807-5729,dcrocetto7h@bbc.co.uk,Pediatric Oncology Art Therapy,141,266
271,Maris,Tweedy,628-587-7422,mtweedy7i@rediff.com,Food Allergy Awareness,31,48
272,Emelda,Oxe,358-823-5874,eoxe7j@is.gd,Anxiety Management in Hospitals,379,214
273,Ronnie,Melia,460-314-8815,rmelia7k@1und1.de,Medication Management Assistance,393,395
274,Amye,Mulkerrins,682-274-2326,amulkerrins7l@nsw.gov.au,Herbal Medicine Research,313,185
275,Arlen,Selwood,195-411-3886,aselwood7m@google.fr,Faith-Based Health Support,176,399
276,Sax,Stearn,877-848-8061,sstearn7n@theglobeandmail.com,Pain Management Education,207,235
277,Merrill,Nuscha,272-833-0931,mnuscha7o@discuz.net,Pediatric Palliative Care Assistant,384,352
278,Vere,Lockie,863-679-4954,vlockie7p@sbwire.com,Rural Health Access Volunteer,275,46
279,Lemmie,Regina,133-867-8708,lregina7q@wsj.com,Speech Recovery Support,104,129
280,Anabel,Dando,137-985-9369,adando7r@angelfire.com,Assistive Technology Educator,202,252
281,Carey,Terrazzo,765-172-6296,cterrazzo7s@google.com,Cancer Immunotherapy Education,258,393
282,Fleming,Klejna,731-201-9074,fklejna7t@newsvine.com,Geriatric Exercise Programs,172,219
283,Myranda,Roark,356-412-8327,mroark7u@go.com,Military Veterans Health Support,99,238
284,Granger,Goodhew,407-452-2730,ggoodhew7v@livejournal.com,Trauma-Focused Counseling,240,340
285,Lorie,Agg,613-840-3138,lagg7w@vk.com,Preventative Dentistry Education,265,45
286,Hilliary,Shardlow,421-698-1831,hshardlow7x@cafepress.com,Functional Neurology Awareness,78,300
287,Tiffy,Dickson,576-335-3790,tdickson7y@youtube.com,Women's Preventative Health,290,182
288,Buckie,Wyley,819-287-7011,bwyley7z@flickr.com,Memory Care Engagement,218,31
289,Shurlocke,Tenaunt,111-202-7710,stenaunt80@usa.gov,Emergency Medical Interpreter,343,67
290,Jacklyn,Smissen,865-764-9066,jsmissen81@bluehost.com,Online Counseling Support,62,71
291,Becca,Hartopp,829-846-0796,bhartopp82@com.com,Virtual Rehabilitation Coaching,56,350
292,Kipp,Oakenfield,963-925-5765,koakenfield83@nbcnews.com,Patient Transport,119,48
293,Mischa,Dossett,836-754-2051,mdossett84@free.fr,Reception Assistance,387,224
294,Sayer,Pothergill,827-424-9651,spothergill85@umich.edu,Emergency Room Support,323,342
295,Vincents,De Marchi,182-185-4953,vdemarchi86@about.com,Pediatric Ward Assistance,258,242
296,Mala,Alner,861-796-0275,malner87@istockphoto.com,Elderly Care Support,191,121
297,Cody,Skilton,136-453-9391,cskilton88@google.co.jp,Surgical Waiting Room Guide,365,115
298,Selinda,Lowater,436-159-6552,slowater89@slashdot.org,Cancer Patient Support,202,199
299,Lynde,Ensor,898-129-9577,lensor8a@vistaprint.com,Mental Health Companion,245,210
300,Cly,Cregan,718-381-7384,ccregan8b@histats.com,Physical Therapy Aid,160,380
301,Chloris,Pickering,725-555-8462,cpickering8c@shutterfly.com,Art Therapy Volunteer,219,149
302,Lyndy,Ravenshear,643-258-9332,lravenshear8d@ow.ly,Music Therapy Assistant,240,242
303,Melitta,Birkinshaw,370-920-1743,mbirkinshaw8e@amazon.co.jp,Playroom Supervision,341,198
304,Juliette,Bengal,323-223-2374,jbengal8f@cbslocal.com,Waiting Room Hospitality,74,321
305,Antonetta,Wakefield,314-928-2364,awakefield8g@geocities.com,ICU Family Support,240,394
306,Allyn,Caulton,123-130-0311,acaulton8h@nature.com,Bereavement Support,215,261
307,Scott,Mc Andrew,112-521-2596,smcandrew8i@marriott.com,Blood Bank Assistant,114,253
308,Boothe,Cahn,100-530-6653,bcahn8j@hc360.com,Lab Sample Courier,335,209
309,Dorotea,Conew,611-106-7456,dconew8k@behance.net,Pharmacy Support,342,149
310,Meade,Frewer,184-568-8865,mfrewer8l@sourceforge.net,Wheelchair Assistance,241,82
311,Noni,Digg,444-933-6564,ndigg8m@google.nl,Medical Records Organization,258,155
312,Elisabetta,Brane,707-818-7734,ebrane8n@go.com,Pediatric Play Therapy,13,353
313,Normy,Wedge,730-180-2663,nwedge8o@github.com,Clerical Support,116,99
314,Christoffer,Daysh,761-984-4923,cdaysh8p@who.int,Spiritual Care,235,251
315,Cal,Stathor,882-913-1484,cstathor8q@dyndns.org,Library Cart Volunteer,305,98
316,Clerkclaude,Keppe,155-712-6593,ckeppe8r@umich.edu,Gift Shop Helper,371,45
317,Mehetabel,Speakman,980-358-3704,mspeakman8s@ucoz.com,Therapy Animal Handler,315,74
318,Ramon,Kembley,277-800-6875,rkembley8t@quantcast.com,Food Delivery for Patients,173,8
319,Eli,O'Carney,361-618-5415,eocarney8u@zimbio.com,Language Interpretation,266,212
320,Gertrud,Arnatt,308-382-6867,garnatt8v@patch.com,Chaplaincy Assistance,322,63
321,Germaine,Pinel,787-565-7125,gpinel8w@virginia.edu,Dental Clinic Helper,89,194
322,Jodie,Gamble,751-893-9115,jgamble8x@usda.gov,Physiotherapy Support,6,167
323,Jo-anne,Tillman,848-700-7939,jtillman8y@furl.net,Hospice Volunteer,261,348
324,Chico,Adamov,287-912-1315,cadamov8z@mediafire.com,Family Liaison,134,202
325,Dane,Groocock,791-124-2287,dgroocock90@istockphoto.com,Pre-Op Companion,65,183
326,Gayle,Sturman,345-104-0069,gsturman91@slashdot.org,Recovery Room Support,20,359
327,Douglass,Beaves,574-220-2017,dbeaves92@aboutads.info,Vision Screening Helper,202,370
328,Elden,Offiler,608-537-8698,eoffiler93@ed.gov,Neonatal ICU Support,86,231
329,Lorinda,Primak,970-334-5522,lprimak94@theguardian.com,Health Education Volunteer,279,84
330,Heloise,Tearle,239-384-1659,htearle95@businesswire.com,Nutrition Counseling Assistant,375,91
331,Theodor,Barchrameev,933-807-1820,tbarchrameev96@xing.com,Hand Hygiene Advocate,212,238
332,Connie,Beagan,806-526-9392,cbeagan97@reference.com,Community Health Outreach,216,88
333,Stephenie,Free,999-633-2832,sfree98@shinystat.com,Flu Shot Clinic Helper,42,151
334,Myer,Warstall,728-531-8894,mwarstall99@baidu.com,Diabetes Education Support,381,302
335,Onofredo,Messiter,190-127-5285,omessiter9a@pbs.org,Stroke Recovery Assistant,167,90
336,Clary,De Bruijn,152-431-8481,cdebruijn9b@acquirethisname.com,Patient Surveys and Feedback,72,1
337,Elset,Quaif,958-585-0283,equaif9c@bizjournals.com,Pain Management Support,265,331
338,Anabal,Tixier,304-898-6660,atixier9d@discuz.net,Rehabilitation Therapy Assistant,279,300
339,Idelle,Palomba,576-875-7970,ipalomba9e@nps.gov,Home Care Coordination,100,6
340,Donia,Tomkowicz,917-577-5031,dtomkowicz9f@theatlantic.com,Organ Donation Awareness,105,314
341,Patti,Klimke,447-946-3290,pklimke9g@exblog.jp,Occupational Therapy Helper,80,152
342,Maximilianus,Drewson,589-227-8096,mdrewson9h@csmonitor.com,Infant Care Volunteer,104,74
343,Lorain,Jarrelt,224-181-8881,ljarrelt9i@ehow.com,Blood Pressure Screening,309,252
344,Micky,Bosnell,407-292-4993,mbosnell9j@mlb.com,Oncology Ward Companion,63,261
345,Imelda,Borlease,557-590-9557,iborlease9k@cnbc.com,Child Life Specialist Assistant,54,68
346,Cristie,Jobson,205-821-3318,cjobson9l@ow.ly,Elderly Mobility Support,351,349
347,Robinson,Crippill,184-650-3062,rcrippill9m@artisteer.com,Bereavement Counseling,265,255
348,Gene,Paull,109-724-4064,gpaull9n@ocn.ne.jp,Prosthetics and Orthotics Helper,68,182
349,Marcelia,Whyteman,443-541-4709,mwhyteman9o@dailymail.co.uk,Hygiene Kit Distribution,196,129
350,Hildy,Tolmie,553-492-4834,htolmie9p@cbc.ca,COVID-19 Testing Support,163,135
351,Renae,Fillon,209-157-3207,rfillon9q@vk.com,Vaccination Center Volunteer,48,13
352,Lynnette,Sirkett,395-698-2021,lsirkett9r@ebay.co.uk,Waiting Room Storytelling,56,28
353,Whitman,Critchard,819-693-5104,wcritchard9s@indiatimes.com,Post-Surgery Rehabilitation Aid,210,311
354,Ricky,Rand,360-664-1070,rrand9t@java.com,Charity Fundraising,368,266
355,Moll,Goodenough,691-630-7316,mgoodenough9u@4shared.com,Volunteer Trainer,129,271
356,Jaynell,Hollows,179-945-8151,jhollows9v@123-reg.co.uk,Community Health Events,189,254
357,Dacia,Cruise,969-792-9901,dcruise9w@alibaba.com,End-of-Life Support,60,183
358,Verla,Dallow,916-609-1504,vdallow9x@nytimes.com,Meditation & Mindfulness Coaching,62,157
359,Bastien,Strowthers,868-894-3455,bstrowthers9y@unblog.fr,Grief Counseling,299,274
360,Wiley,Snelman,567-997-3282,wsnelman9z@harvard.edu,Neurology Clinic Helper,51,282
361,Wendeline,Midgley,651-547-5208,wmidgleya0@nasa.gov,Nutrition Program Assistant,31,300
362,Creigh,Aspland,151-441-6795,casplanda1@1688.com,Social Work Support,50,35
363,Rakel,Backhurst,710-728-4408,rbackhursta2@narod.ru,Prenatal Education Support,108,129
364,Karoline,Ordidge,876-829-1379,kordidgea3@blogger.com,Hospital Gardening Volunteer,74,79
365,Germana,Guerner,976-729-0706,gguernera4@cbslocal.com,Sensory Room Volunteer,364,43
366,Graig,Gleed,940-376-0471,ggleeda5@baidu.com,Public Health Research,27,164
367,Catharina,O'Dea,636-564-2752,codeaa6@europa.eu,Cancer Awareness Educator,12,24
368,Trisha,Cosh,844-769-7563,tcosha7@tinyurl.com,Genetic Counseling Assistant,109,26
369,Mab,Slimmon,897-300-9356,mslimmona8@slideshare.net,Hearing Screening Helper,128,7
370,Gregoor,Meenan,151-143-3869,gmeenana9@about.me,Home Visit Coordination,36,368
371,Laina,McKie,447-830-6711,lmckieaa@youtu.be,Emergency Preparedness Educator,297,338
372,Boot,Bethel,956-903-0048,bbethelab@google.co.jp,Family Counseling Assistant,101,5
373,Eliza,Daine,191-264-2160,edaineac@fotki.com,Disability Support,193,71
374,Brett,Lie,916-146-3900,bliead@bigcartel.com,Pet Therapy Coordinator,293,68
375,Tome,Vogl,468-436-0522,tvoglae@usgs.gov,Volunteer Coordinator Assistant,285,8
376,Clem,Pound,606-108-4711,cpoundaf@delicious.com,Ambulance Support Volunteer,343,140
377,Maybelle,Bolver,860-484-7635,mbolverag@ehow.com,Disaster Relief Planning,218,216
378,Any,Fulham,591-896-7045,afulhamah@ifeng.com,Data Entry for Medical Research,314,392
379,Linea,Hammett,178-596-1223,lhammettai@usda.gov,Breastfeeding Support,116,307
380,Eamon,Clemenceau,804-658-7264,eclemenceauaj@sitemeter.com,Prenatal Yoga Coach,25,53
381,Devlen,Wetherill,259-497-2595,dwetherillak@usda.gov,Domestic Violence Support,110,239
382,Carlen,Lavington,423-324-0842,clavingtonal@engadget.com,Wheelchair Maintenance,304,361
383,Freddy,Noah,450-133-7093,fnoaham@dot.gov,Heart Disease Awareness,113,275
384,Aristotle,Desaur,225-776-2472,adesauran@ted.com,Dialysis Center Assistant,304,288
385,Rycca,MacBain,991-759-8681,rmacbainao@drupal.org,Infant Massage Therapy,286,216
386,Michaela,Barron,651-773-8195,mbarronap@paginegialle.it,Senior Companion,160,317
387,Carmelia,Boman,641-773-9006,cbomanaq@whitehouse.gov,Home Rehabilitation Assistance,214,290
388,Goddart,Wetherby,907-395-0046,gwetherbyar@symantec.com,Cognitive Therapy Support,259,186
389,Dale,Collisson,483-112-9408,dcollissonas@va.gov,Crisis Hotline Support,93,312
390,Marilee,Van der Daal,318-372-4994,mvanderdaalat@fema.gov,Preventative Care Advocate,336,183
391,Ilene,Narducci,621-517-6935,inarducciau@noaa.gov,Patient Wellbeing Surveys,370,334
392,Kin,McAllen,608-704-8853,kmcallenav@trellian.com,Meditation for Pain Relief,81,277
393,Werner,Mulholland,725-436-9677,wmulhollandaw@irs.gov,Reflexology Assistant,38,123
394,Christophorus,Underdown,796-234-2749,cunderdownax@time.com,Newborn Care Volunteer,26,237
395,Viola,Gauson,138-420-7256,vgausonay@miitbeian.gov.cn,Peer Support Groups,383,81
396,Cullin,Shouler,439-199-5685,cshouleraz@chron.com,Postpartum Support,85,324
397,Gael,Baser,757-363-1561,gbaserb0@mediafire.com,Smoking Cessation Coaching,280,67
398,Rosina,Chue,926-456-0355,rchueb1@myspace.com,Virtual Health Assistant,14,126
399,Jillian,Beathem,568-360-8924,jbeathemb2@yahoo.co.jp,Pediatric Feeding Therapy,136,120
400,Ina,Lampitt,742-374-8795,ilampittb3@epa.gov,Hospice Music Therapy,129,149
