ShiftID,VolunteerID
28,271
62,223
82,323
314,247
21,209
28,306
347,153
366,155
275,50
316,376
232,338
200,84
162,226
158,204
200,166
365,305
211,134
360,395
124,173
109,353
270,366
256,235
238,177
210,66
184,305
353,289
82,195
286,202
56,77
134,71
177,56
282,293
267,65
349,189
188,9
384,97
3,270
110,354
379,239
375,350
89,327
5,365
80,211
112,233
10,262
207,228
190,111
111,69
45,268
60,252
184,101
290,214
380,43
93,71
189,53
169,140
98,72
91,133
294,246
346,108
105,300
309,321
302,15
107,179
157,155
321,98
186,157
357,94
85,117
27,193
100,356
198,83
32,188
13,223
90,352
321,287
211,281
361,327
81,221
98,389
299,133
214,196
25,275
142,252
150,142
255,279
331,210
155,138
321,113
266,1
323,304
18,85
384,208
102,286
340,99
386,75
211,287
37,104
311,157
52,27
40,112
24,341
31,163
399,239
93,283
281,116
245,57
199,175
189,177
94,95
178,217
328,355
361,35
75,310
83,321
377,257
340,321
264,90
315,225
184,92
76,179
92,130
58,361
18,328
128,168
108,137
70,57
17,248
138,306
358,6
220,154
196,329
346,259
182,144
118,174
278,228
115,267
92,61
165,17
346,128
121,237
205,168
62,375
52,48
177,135
365,236
233,66
49,340
172,310
355,239
98,152
106,166
231,307
121,8
335,280
35,355
234,341
81,366
289,294
53,50
345,57
195,349
52,221
318,169
264,132
239,262
187,263
25,352
53,169
178,164
265,39
348,245
66,333
128,34
109,6
231,43
14,97
44,212
393,85
198,289
134,16
175,336
184,252
11,246
190,369
16,51
74,148
267,196
9,176
47,186
318,76
61,44
303,235
222,149
233,85
353,42
9,77
118,375
92,230
169,324
300,383
168,43
339,317
121,314
106,119
258,353
246,175
221,267
99,291
142,340
342,34
289,305
142,105
120,284
12,89
191,233
254,191
247,62
143,46
83,144
123,259
362,179
249,111
325,41
225,199
187,70
364,169
336,91
294,247
214,174
217,113
206,2
90,158
136,251
153,255
2,212
99,74
311,278
362,1
376,316
127,97
215,288
317,363
121,280
147,75
358,288
167,65
127,132
367,39
392,121
293,53
64,70
364,131
246,225
306,395
106,306
194,279
275,243
318,45
282,338
171,138
317,111
86,49
362,104
148,103
71,26
140,350
383,49
26,186
233,321
279,122
82,170
172,110
280,235
89,243
213,179
283,181
212,175
262,195
218,83
340,40
167,64
263,327
316,44
126,207
62,277
196,361
188,224
161,227
349,275
88,327
314,2
61,108
379,362
364,334
365,262
264,4
123,28
49,300
213,358
238,55
7,263
27,125
41,296
322,108
223,370
239,154
170,26
217,161
226,344
296,104
323,323
202,35
204,324
43,367
87,51
389,186
10,82
265,330
21,169
10,71
259,63
324,212
175,313
221,48
131,54
380,7
238,201
280,18
86,46
247,315
116,236
289,292
255,370
143,11
122,48
140,361
205,12
3,100
191,125
123,58
362,348
316,44
214,140
374,76
349,295
387,5
335,376
253,339
73,350
286,31
185,92
312,240
80,177
189,340
39,175
309,315
333,216
221,148
126,343
161,64
71,161
203,395
203,165
199,330
199,85
86,54
17,395
187,227
65,96
349,96
137,174
348,382
148,199
17,47
74,17
62,267
227,327
134,18
43,203
345,281
263,243
93,218
156,197
257,330
333,57
95,131
259,93
19,230
199,155
28,147
230,98
136,124
372,371
4,363
218,335
158,218
139,295
46,86
49,380
